-- phpMyAdmin SQL Dump
-- version 5.2.1
-- https://www.phpmyadmin.net/
--
-- Host: 127.0.0.1
-- Waktu pembuatan: 18 Jun 2025 pada 01.52
-- Versi server: 10.4.32-MariaDB
-- Versi PHP: 8.2.12

SET SQL_MODE = "NO_AUTO_VALUE_ON_ZERO";
START TRANSACTION;
SET time_zone = "+00:00";


/*!40101 SET @OLD_CHARACTER_SET_CLIENT=@@CHARACTER_SET_CLIENT */;
/*!40101 SET @OLD_CHARACTER_SET_RESULTS=@@CHARACTER_SET_RESULTS */;
/*!40101 SET @OLD_COLLATION_CONNECTION=@@COLLATION_CONNECTION */;
/*!40101 SET NAMES utf8mb4 */;

--
-- Database: `pembayaran_spp`
--

-- --------------------------------------------------------

--
-- Struktur dari tabel `biaya_lain`
--

CREATE TABLE `biaya_lain` (
  `id_biaya` int(11) NOT NULL,
  `nama_biaya` varchar(255) NOT NULL,
  `jumlah` int(11) NOT NULL
) ENGINE=InnoDB DEFAULT CHARSET=utf8mb4 COLLATE=utf8mb4_general_ci;

--
-- Dumping data untuk tabel `biaya_lain`
--

INSERT INTO `biaya_lain` (`id_biaya`, `nama_biaya`, `jumlah`) VALUES
(1, 'Biaya Wisuda', 25000),
(2, 'UAS', 10000);

-- --------------------------------------------------------

--
-- Struktur dari tabel `libur`
--

CREATE TABLE `libur` (
  `id_libur` int(11) NOT NULL,
  `tanggal` date NOT NULL,
  `keterangan` varchar(255) NOT NULL
) ENGINE=InnoDB DEFAULT CHARSET=utf8mb4 COLLATE=utf8mb4_general_ci;

--
-- Dumping data untuk tabel `libur`
--

INSERT INTO `libur` (`id_libur`, `tanggal`, `keterangan`) VALUES
(28, '2024-07-01', 'Libur Semester'),
(29, '2024-07-02', 'Libur Semester'),
(30, '2024-07-03', 'Libur Semester'),
(31, '2024-07-04', 'Libur Semester'),
(32, '2024-07-05', 'Libur Semester'),
(33, '2024-07-06', 'Libur Semester'),
(34, '2024-07-07', 'Libur Semester'),
(35, '2024-07-08', 'Libur Semester'),
(36, '2024-07-09', 'Libur Semester'),
(37, '2024-07-10', 'Libur Semester'),
(38, '2024-07-11', 'Libur Semester'),
(39, '2024-07-12', 'Libur Semester'),
(40, '2024-07-13', 'Libur Semester'),
(41, '2024-07-14', 'Libur Semester'),
(42, '2024-07-15', 'Libur Semester'),
(43, '2024-07-16', 'Libur Semester'),
(44, '2024-07-17', 'Libur Semester'),
(45, '2024-07-18', 'Libur Semester'),
(46, '2024-07-19', 'Libur Semester'),
(47, '2024-07-20', 'Libur Semester'),
(48, '2024-07-21', 'Libur Semester'),
(49, '2024-07-22', 'Libur Semester'),
(50, '2024-07-23', 'Libur Semester'),
(51, '2024-07-24', 'Libur Semester'),
(52, '2024-07-25', 'Libur Semester'),
(53, '2024-07-26', 'Libur Semester'),
(55, '2024-08-17', 'Libur Kemerdekaan'),
(56, '2024-09-17', 'libur'),
(57, '2024-11-27', 'libur'),
(58, '2024-12-21', 'Libur Semester'),
(59, '2024-12-22', 'Libur Semester'),
(60, '2024-12-23', 'Libur Semester'),
(61, '2024-12-24', 'Libur Semester'),
(62, '2024-12-25', 'Libur Semester'),
(63, '2024-12-26', 'Libur Semester'),
(64, '2024-12-27', 'Libur Semester'),
(65, '2024-12-28', 'Libur Semester'),
(66, '2024-12-29', 'Libur Semester'),
(67, '2024-12-30', 'Libur Semester'),
(68, '2024-12-31', 'Libur Semester'),
(69, '2025-01-01', 'Libur Semester'),
(70, '2025-01-02', 'Libur Semester'),
(71, '2025-01-03', 'Libur Semester'),
(72, '2025-01-04', 'Libur Semester'),
(73, '2025-01-05', 'Libur Semester'),
(74, '2025-01-06', 'Libur Semester'),
(75, '2025-01-27', 'libur'),
(76, '2025-01-28', 'libur'),
(77, '2025-01-29', 'libur'),
(78, '2025-02-26', 'libur'),
(79, '2025-02-27', 'libur'),
(80, '2025-03-01', 'libur'),
(81, '2025-03-02', 'libur'),
(82, '2025-03-03', 'libur'),
(83, '2025-03-04', 'libur'),
(84, '2025-03-05', 'libur'),
(85, '2025-03-06', 'libur'),
(86, '2025-03-22', 'idhul fitri'),
(87, '2025-03-23', 'idhul fitri'),
(88, '2025-03-24', 'idhul fitri'),
(89, '2025-03-25', 'idhul fitri'),
(90, '2025-03-26', 'idhul fitri'),
(91, '2025-03-27', 'idhul fitri'),
(92, '2025-03-28', 'idhul fitri'),
(93, '2025-03-29', 'idhul fitri'),
(94, '2025-03-30', 'idhul fitri'),
(95, '2025-03-31', 'idhul fitri'),
(96, '2025-04-01', 'idhul fitri'),
(97, '2025-04-02', 'idhul fitri'),
(98, '2025-04-03', 'idhul fitri'),
(99, '2025-04-04', 'idhul fitri'),
(100, '2025-04-05', 'idhul fitri'),
(101, '2025-04-06', 'idhul fitri'),
(102, '2025-04-07', 'idhul fitri'),
(103, '2025-04-08', 'idhul fitri'),
(104, '2025-05-12', 'libur'),
(105, '2025-05-29', 'libur'),
(106, '2025-06-04', 'libur'),
(107, '2025-06-05', 'libur'),
(108, '2025-06-06', 'libur'),
(109, '2025-06-07', 'libur'),
(110, '2025-06-08', 'libur'),
(111, '2025-06-09', 'libur'),
(112, '2025-01-07', 'libur');

-- --------------------------------------------------------

--
-- Struktur dari tabel `pembayaran`
--

CREATE TABLE `pembayaran` (
  `id_pembayaran` int(11) NOT NULL,
  `id_siswa` int(11) NOT NULL,
  `tanggal` date NOT NULL,
  `jumlah` int(11) NOT NULL
) ENGINE=InnoDB DEFAULT CHARSET=utf8mb4 COLLATE=utf8mb4_general_ci;

--
-- Dumping data untuk tabel `pembayaran`
--

INSERT INTO `pembayaran` (`id_pembayaran`, `id_siswa`, `tanggal`, `jumlah`) VALUES
(419, 16, '2024-07-27', 500),
(420, 16, '2024-07-28', 500),
(421, 16, '2024-07-29', 500),
(422, 16, '2024-07-30', 500),
(423, 16, '2024-07-31', 500),
(424, 16, '2024-08-01', 500),
(425, 16, '2024-08-03', 500),
(426, 16, '2024-08-04', 500),
(427, 16, '2024-08-05', 500),
(428, 16, '2024-08-06', 500),
(429, 16, '2024-08-07', 500),
(430, 16, '2024-08-08', 500),
(431, 16, '2024-08-10', 500),
(432, 16, '2024-08-11', 500),
(433, 16, '2024-08-12', 500),
(434, 16, '2024-08-13', 500),
(435, 16, '2024-08-14', 500),
(436, 16, '2024-08-15', 500),
(437, 16, '2024-08-18', 500),
(438, 16, '2024-08-19', 500),
(439, 16, '2024-08-20', 500),
(440, 16, '2024-08-21', 500),
(441, 16, '2024-08-22', 500),
(442, 16, '2024-08-24', 500),
(443, 16, '2024-08-25', 500),
(444, 16, '2024-08-26', 500),
(445, 16, '2024-08-27', 500),
(446, 16, '2024-08-28', 500),
(447, 16, '2024-08-29', 500),
(448, 16, '2024-08-31', 500),
(449, 16, '2024-09-01', 500),
(450, 16, '2024-09-02', 500),
(451, 16, '2024-09-03', 500),
(452, 16, '2024-09-04', 500),
(453, 16, '2024-09-05', 500),
(454, 16, '2024-09-07', 500),
(455, 16, '2024-09-08', 500),
(456, 16, '2024-09-09', 500),
(457, 16, '2024-09-10', 500),
(458, 16, '2024-09-11', 500),
(459, 16, '2024-09-12', 500),
(460, 16, '2024-09-14', 500),
(461, 16, '2024-09-15', 500),
(462, 16, '2024-09-16', 500),
(463, 16, '2024-09-18', 500),
(464, 16, '2024-09-19', 500),
(465, 16, '2024-09-21', 500),
(466, 16, '2024-09-22', 500),
(467, 16, '2024-09-23', 500),
(468, 16, '2024-09-24', 500),
(469, 16, '2024-09-25', 500),
(470, 16, '2024-09-26', 500),
(471, 16, '2024-09-28', 500),
(472, 16, '2024-09-29', 500),
(473, 16, '2024-09-30', 500),
(474, 16, '2024-10-01', 500),
(475, 16, '2024-10-02', 500),
(476, 16, '2024-10-03', 500),
(477, 16, '2024-10-05', 500),
(478, 16, '2024-10-06', 500),
(479, 16, '2024-10-07', 500),
(480, 16, '2024-10-08', 500),
(481, 16, '2024-10-09', 500),
(482, 16, '2024-10-10', 500),
(483, 16, '2024-10-12', 500),
(484, 16, '2024-10-13', 500),
(485, 16, '2024-10-14', 500),
(486, 16, '2024-10-15', 500),
(487, 16, '2024-10-16', 500),
(488, 16, '2024-10-17', 500),
(489, 16, '2024-10-19', 500),
(490, 16, '2024-10-20', 500),
(491, 16, '2024-10-21', 500),
(492, 16, '2024-10-22', 500),
(493, 16, '2024-10-23', 500),
(494, 16, '2024-10-24', 500),
(495, 16, '2024-10-26', 500),
(496, 16, '2024-10-27', 500),
(497, 16, '2024-10-28', 500),
(498, 16, '2024-10-29', 500),
(499, 16, '2024-10-30', 500),
(500, 16, '2024-10-31', 500),
(501, 16, '2024-11-02', 500),
(502, 16, '2024-11-03', 500),
(503, 16, '2024-11-04', 500),
(504, 16, '2024-11-05', 500),
(505, 16, '2024-11-06', 500),
(506, 16, '2024-11-07', 500),
(507, 16, '2024-11-09', 500),
(508, 16, '2024-11-10', 500),
(509, 16, '2024-11-11', 500),
(510, 16, '2024-11-12', 500),
(511, 16, '2024-11-13', 500),
(512, 16, '2024-11-14', 500),
(513, 16, '2024-11-16', 500),
(514, 16, '2024-11-17', 500),
(515, 16, '2024-11-18', 500),
(516, 16, '2024-11-19', 500),
(517, 16, '2024-11-20', 500),
(518, 16, '2024-11-21', 500),
(519, 16, '2024-11-23', 500),
(520, 16, '2024-11-24', 500),
(521, 16, '2024-11-25', 500),
(522, 16, '2024-11-26', 500),
(523, 16, '2024-11-28', 500),
(524, 16, '2024-11-30', 500),
(525, 16, '2024-12-01', 500),
(526, 16, '2024-12-02', 500),
(527, 16, '2024-12-03', 500),
(528, 16, '2024-12-04', 500),
(529, 16, '2024-12-05', 500),
(530, 16, '2024-12-07', 500),
(531, 16, '2024-12-08', 500),
(532, 16, '2024-12-09', 500),
(533, 16, '2024-12-10', 500),
(534, 16, '2024-12-11', 500),
(535, 16, '2024-12-12', 500),
(536, 16, '2024-12-14', 500),
(537, 16, '2024-12-15', 500),
(538, 16, '2024-12-16', 500),
(539, 16, '2024-12-17', 500),
(540, 16, '2024-12-18', 500),
(541, 16, '2024-12-19', 500),
(543, 8, '2024-07-27', 500),
(544, 8, '2024-07-28', 500),
(545, 8, '2024-07-29', 500),
(546, 8, '2024-07-30', 500),
(547, 8, '2024-07-31', 500),
(548, 8, '2024-08-01', 500),
(549, 8, '2024-08-03', 500),
(550, 8, '2024-08-04', 500),
(551, 8, '2024-08-05', 500),
(552, 8, '2024-08-06', 500),
(553, 8, '2024-08-07', 500),
(554, 8, '2024-08-08', 500),
(555, 8, '2024-08-10', 500),
(556, 8, '2024-08-11', 500),
(557, 8, '2024-08-12', 500),
(558, 8, '2024-08-13', 500),
(559, 8, '2024-08-14', 500),
(560, 8, '2024-08-15', 500),
(561, 8, '2024-08-18', 500),
(562, 8, '2024-08-19', 500),
(563, 8, '2024-08-20', 500),
(564, 8, '2024-08-21', 500),
(565, 8, '2024-08-22', 500),
(566, 8, '2024-08-24', 500),
(567, 8, '2024-08-25', 500),
(568, 8, '2024-08-26', 500),
(569, 8, '2024-08-27', 500),
(570, 8, '2024-08-28', 500),
(571, 8, '2024-08-29', 500),
(572, 8, '2024-08-31', 500),
(573, 8, '2024-09-01', 500),
(574, 8, '2024-09-02', 500),
(575, 8, '2024-09-03', 500),
(576, 8, '2024-09-04', 500),
(577, 8, '2024-09-05', 500),
(578, 8, '2024-09-07', 500),
(579, 8, '2024-09-08', 500),
(580, 8, '2024-09-09', 500),
(581, 8, '2024-09-10', 500),
(582, 8, '2024-09-11', 500),
(583, 8, '2024-09-12', 500),
(584, 8, '2024-09-14', 500),
(585, 8, '2024-09-15', 500),
(586, 8, '2024-09-16', 500),
(587, 8, '2024-09-18', 500),
(588, 8, '2024-09-19', 500),
(589, 8, '2024-09-21', 500),
(590, 8, '2024-09-22', 500),
(591, 8, '2024-09-23', 500),
(592, 8, '2024-09-24', 500),
(593, 8, '2024-09-25', 500),
(594, 8, '2024-09-26', 500),
(595, 8, '2024-09-28', 500),
(596, 8, '2024-09-29', 500),
(597, 8, '2024-09-30', 500),
(598, 8, '2024-10-01', 500),
(599, 8, '2024-10-02', 500),
(600, 8, '2024-10-03', 500),
(601, 8, '2024-10-05', 500),
(602, 8, '2024-10-06', 500),
(603, 8, '2024-10-07', 500),
(604, 8, '2024-10-08', 500),
(605, 8, '2024-10-09', 500),
(606, 8, '2024-10-10', 500),
(607, 8, '2024-10-12', 500),
(608, 8, '2024-10-13', 500),
(609, 8, '2024-10-14', 500),
(610, 8, '2024-10-15', 500),
(611, 8, '2024-10-16', 500),
(612, 8, '2024-10-17', 500),
(613, 8, '2024-10-19', 500),
(614, 8, '2024-10-20', 500),
(615, 8, '2024-10-21', 500),
(616, 8, '2024-10-22', 500),
(617, 8, '2024-10-23', 500),
(618, 8, '2024-10-24', 500),
(619, 8, '2024-10-26', 500),
(620, 8, '2024-10-27', 500),
(621, 8, '2024-10-28', 500),
(622, 8, '2024-10-29', 500),
(623, 8, '2024-10-30', 500),
(624, 8, '2024-10-31', 500),
(625, 8, '2024-11-02', 500),
(626, 8, '2024-11-03', 500),
(627, 8, '2024-11-04', 500),
(628, 8, '2024-11-05', 500),
(629, 8, '2024-11-06', 500),
(630, 8, '2024-11-07', 500),
(631, 8, '2024-11-09', 500),
(632, 8, '2024-11-10', 500),
(633, 8, '2024-11-11', 500),
(634, 8, '2024-11-12', 500),
(635, 8, '2024-11-13', 500),
(636, 8, '2024-11-14', 500),
(637, 8, '2024-11-16', 500),
(638, 8, '2024-11-17', 500),
(639, 8, '2024-11-18', 500),
(640, 8, '2024-11-19', 500),
(641, 8, '2024-11-20', 500),
(642, 8, '2024-11-21', 500),
(643, 8, '2024-11-23', 500),
(644, 8, '2024-11-24', 500),
(645, 8, '2024-11-25', 500),
(646, 8, '2024-11-26', 500),
(647, 8, '2024-11-28', 500),
(648, 8, '2024-11-30', 500),
(649, 8, '2024-12-01', 500),
(650, 8, '2024-12-02', 500),
(651, 8, '2024-12-03', 500),
(652, 8, '2024-12-04', 500),
(653, 8, '2024-12-05', 500),
(654, 8, '2024-12-07', 500),
(655, 8, '2024-12-08', 500),
(656, 8, '2024-12-09', 500),
(657, 8, '2024-12-10', 500),
(658, 8, '2024-12-11', 500),
(659, 8, '2024-12-12', 500),
(660, 8, '2024-12-14', 500),
(661, 8, '2024-12-15', 500),
(662, 8, '2024-12-16', 500),
(663, 8, '2024-12-17', 500),
(664, 8, '2024-12-18', 500),
(665, 8, '2024-12-19', 500),
(667, 3, '2024-07-27', 500),
(668, 3, '2024-07-28', 500),
(669, 3, '2024-07-29', 500),
(670, 3, '2024-07-30', 500),
(671, 3, '2024-07-31', 500),
(672, 3, '2024-08-01', 500),
(673, 3, '2024-08-03', 500),
(674, 3, '2024-08-04', 500),
(675, 3, '2024-08-05', 500),
(676, 3, '2024-08-06', 500),
(677, 3, '2024-08-07', 500),
(678, 3, '2024-08-08', 500),
(679, 3, '2024-08-10', 500),
(680, 3, '2024-08-11', 500),
(681, 3, '2024-08-12', 500),
(682, 3, '2024-08-13', 500),
(683, 3, '2024-08-14', 500),
(684, 3, '2024-08-15', 500),
(685, 3, '2024-08-18', 500),
(686, 3, '2024-08-19', 500),
(687, 3, '2024-08-20', 500),
(688, 3, '2024-08-21', 500),
(689, 3, '2024-08-22', 500),
(690, 3, '2024-08-24', 500),
(691, 3, '2024-08-25', 500),
(692, 3, '2024-08-26', 500),
(693, 3, '2024-08-27', 500),
(694, 3, '2024-08-28', 500),
(695, 3, '2024-08-29', 500),
(696, 3, '2024-08-31', 500),
(697, 3, '2024-09-01', 500),
(698, 3, '2024-09-02', 500),
(699, 3, '2024-09-03', 500),
(700, 3, '2024-09-04', 500),
(701, 3, '2024-09-05', 500),
(702, 3, '2024-09-07', 500),
(703, 3, '2024-09-08', 500),
(704, 3, '2024-09-09', 500),
(705, 3, '2024-09-10', 500),
(706, 3, '2024-09-11', 500),
(707, 3, '2024-09-12', 500),
(708, 3, '2024-09-14', 500),
(709, 3, '2024-09-15', 500),
(710, 3, '2024-09-16', 500),
(711, 3, '2024-09-18', 500),
(712, 3, '2024-09-19', 500),
(713, 3, '2024-09-21', 500),
(714, 3, '2024-09-22', 500),
(715, 3, '2024-09-23', 500),
(716, 3, '2024-09-24', 500),
(717, 3, '2024-09-25', 500),
(718, 3, '2024-09-26', 500),
(719, 3, '2024-09-28', 500),
(720, 3, '2024-09-29', 500),
(721, 3, '2024-09-30', 500),
(722, 3, '2024-10-01', 500),
(723, 3, '2024-10-02', 500),
(724, 3, '2024-10-03', 500),
(725, 3, '2024-10-05', 500),
(726, 3, '2024-10-06', 500),
(727, 3, '2024-10-07', 500),
(728, 3, '2024-10-08', 500),
(729, 3, '2024-10-09', 500),
(730, 3, '2024-10-10', 500),
(731, 3, '2024-10-12', 500),
(732, 3, '2024-10-13', 500),
(733, 3, '2024-10-14', 500),
(734, 3, '2024-10-15', 500),
(735, 3, '2024-10-16', 500),
(736, 3, '2024-10-17', 500),
(737, 3, '2024-10-19', 500),
(738, 3, '2024-10-20', 500),
(739, 3, '2024-10-21', 500),
(740, 3, '2024-10-22', 500),
(741, 3, '2024-10-23', 500),
(742, 3, '2024-10-24', 500),
(743, 3, '2024-10-26', 500),
(744, 3, '2024-10-27', 500),
(745, 3, '2024-10-28', 500),
(746, 3, '2024-10-29', 500),
(747, 3, '2024-10-30', 500),
(748, 3, '2024-10-31', 500),
(749, 3, '2024-11-02', 500),
(750, 3, '2024-11-03', 500),
(751, 3, '2024-11-04', 500),
(752, 3, '2024-11-05', 500),
(753, 3, '2024-11-06', 500),
(754, 3, '2024-11-07', 500),
(755, 3, '2024-11-09', 500),
(756, 3, '2024-11-10', 500),
(757, 3, '2024-11-11', 500),
(758, 3, '2024-11-12', 500),
(759, 3, '2024-11-13', 500),
(760, 3, '2024-11-14', 500),
(761, 3, '2024-11-16', 500),
(762, 3, '2024-11-17', 500),
(763, 3, '2024-11-18', 500),
(764, 3, '2024-11-19', 500),
(765, 3, '2024-11-20', 500),
(766, 3, '2024-11-21', 500),
(767, 3, '2024-11-23', 500),
(768, 3, '2024-11-24', 500),
(769, 3, '2024-11-25', 500),
(770, 3, '2024-11-26', 500),
(771, 3, '2024-11-28', 500),
(772, 3, '2024-11-30', 500),
(773, 3, '2024-12-01', 500),
(774, 3, '2024-12-02', 500),
(775, 3, '2024-12-03', 500),
(776, 3, '2024-12-04', 500),
(777, 3, '2024-12-05', 500),
(778, 3, '2024-12-07', 500),
(779, 3, '2024-12-08', 500),
(780, 3, '2024-12-09', 500),
(781, 3, '2024-12-10', 500),
(782, 3, '2024-12-11', 500),
(783, 3, '2024-12-12', 500),
(784, 3, '2024-12-14', 500),
(785, 3, '2024-12-15', 500),
(786, 3, '2024-12-16', 500),
(787, 3, '2024-12-17', 500),
(788, 3, '2024-12-18', 500),
(789, 3, '2024-12-19', 500),
(790, 3, '2025-01-08', 500),
(791, 3, '2025-01-09', 500),
(792, 3, '2025-01-11', 500),
(793, 3, '2025-01-12', 500),
(794, 3, '2025-01-13', 500),
(795, 3, '2025-01-14', 500),
(796, 3, '2025-01-15', 500),
(797, 3, '2025-01-16', 500),
(798, 3, '2025-01-18', 500),
(799, 3, '2025-01-19', 500),
(800, 3, '2025-01-20', 500),
(801, 3, '2025-01-21', 500),
(802, 3, '2025-01-22', 500),
(803, 3, '2025-01-23', 500),
(804, 3, '2025-01-25', 500),
(805, 3, '2025-01-26', 500),
(806, 3, '2025-01-30', 500),
(807, 3, '2025-02-01', 500),
(808, 3, '2025-02-02', 500),
(809, 3, '2025-02-03', 500),
(810, 3, '2025-02-04', 500),
(811, 3, '2025-02-05', 500),
(812, 3, '2025-02-06', 500),
(813, 3, '2025-02-08', 500),
(814, 3, '2025-02-09', 500),
(815, 3, '2025-02-10', 500),
(816, 3, '2025-02-11', 500),
(817, 3, '2025-02-12', 500),
(818, 3, '2025-02-13', 500),
(819, 3, '2025-02-15', 500),
(820, 3, '2025-02-16', 500),
(821, 3, '2025-02-17', 500),
(822, 3, '2025-02-18', 500),
(823, 3, '2025-02-19', 500),
(824, 3, '2025-02-20', 500),
(825, 3, '2025-02-22', 500),
(826, 3, '2025-02-23', 500),
(827, 3, '2025-02-24', 500),
(828, 3, '2025-02-25', 500),
(829, 3, '2025-03-08', 500),
(830, 3, '2025-03-09', 500),
(831, 3, '2025-03-10', 500),
(832, 3, '2025-03-11', 500),
(833, 3, '2025-03-12', 500),
(834, 3, '2025-03-13', 500),
(835, 3, '2025-03-15', 500),
(836, 3, '2025-03-16', 500),
(837, 3, '2025-03-17', 500),
(838, 3, '2025-03-18', 500),
(839, 3, '2025-03-19', 500),
(840, 3, '2025-03-20', 500),
(841, 3, '2025-04-09', 500),
(842, 3, '2025-04-10', 500),
(843, 3, '2025-04-12', 500),
(844, 3, '2025-04-13', 500),
(845, 3, '2025-04-14', 500),
(846, 3, '2025-04-15', 500),
(847, 3, '2025-04-16', 500),
(848, 3, '2025-04-17', 500),
(849, 3, '2025-04-19', 500),
(850, 3, '2025-04-20', 500),
(851, 3, '2025-04-21', 500),
(852, 3, '2025-04-22', 500),
(853, 3, '2025-04-23', 500),
(854, 3, '2025-04-24', 500),
(855, 3, '2025-04-26', 500),
(856, 3, '2025-04-27', 500),
(857, 3, '2025-04-28', 500),
(858, 3, '2025-04-29', 500),
(859, 3, '2025-04-30', 500),
(860, 3, '2025-05-01', 500),
(861, 3, '2025-05-03', 500),
(862, 3, '2025-05-04', 500),
(863, 3, '2025-05-05', 500),
(864, 3, '2025-05-06', 500),
(865, 3, '2025-05-07', 500),
(866, 3, '2025-05-08', 500),
(867, 3, '2025-05-10', 500),
(868, 3, '2025-05-11', 500),
(869, 3, '2025-05-13', 500),
(870, 3, '2025-05-14', 500),
(871, 3, '2025-05-15', 500),
(872, 3, '2025-05-17', 500),
(873, 3, '2025-05-18', 500),
(874, 3, '2025-05-19', 500),
(875, 3, '2025-05-20', 500),
(876, 3, '2025-05-21', 500),
(877, 3, '2025-05-22', 500),
(878, 3, '2025-05-24', 500),
(879, 3, '2025-05-25', 500),
(880, 3, '2025-05-26', 500),
(881, 3, '2025-05-27', 500),
(882, 3, '2025-05-28', 500),
(883, 3, '2025-05-31', 500),
(884, 3, '2025-06-01', 500),
(885, 3, '2025-06-02', 500),
(886, 3, '2025-06-03', 500),
(887, 3, '2025-06-10', 500),
(888, 3, '2025-06-11', 500),
(889, 3, '2025-06-12', 500),
(890, 3, '2025-06-14', 500),
(891, 3, '2025-06-15', 500),
(892, 3, '2025-06-16', 500),
(893, 3, '2025-06-17', 500),
(894, 3, '2025-06-18', 500),
(895, 3, '2025-06-19', 500),
(896, 3, '2025-06-21', 500),
(897, 3, '2025-06-22', 500),
(898, 3, '2025-06-23', 500),
(899, 3, '2025-06-24', 500),
(900, 3, '2025-06-25', 500),
(901, 3, '2025-06-26', 500),
(902, 3, '2025-06-28', 500),
(903, 3, '2025-06-29', 500),
(904, 3, '2025-06-30', 500),
(905, 11, '2024-07-27', 500),
(906, 11, '2024-07-28', 500),
(907, 11, '2024-07-29', 500),
(908, 11, '2024-07-30', 500),
(909, 11, '2024-07-31', 500),
(935, 11, '2024-09-01', 500),
(936, 11, '2024-09-02', 500),
(937, 11, '2024-09-03', 500),
(938, 11, '2024-09-04', 500),
(939, 11, '2024-09-05', 500),
(940, 11, '2024-09-07', 500),
(941, 11, '2024-09-08', 500),
(942, 11, '2024-09-09', 500),
(943, 11, '2024-09-10', 500),
(944, 11, '2024-09-11', 500),
(945, 11, '2024-09-12', 500),
(946, 11, '2024-09-14', 500),
(947, 11, '2024-09-15', 500),
(948, 11, '2024-09-16', 500),
(949, 11, '2024-09-18', 500),
(950, 11, '2024-09-19', 500),
(951, 11, '2024-09-21', 500),
(952, 11, '2024-09-22', 500),
(953, 11, '2024-09-23', 500),
(954, 11, '2024-09-24', 500),
(955, 11, '2024-09-25', 500),
(956, 11, '2024-09-26', 500),
(957, 11, '2024-09-28', 500),
(958, 11, '2024-09-29', 500),
(959, 11, '2024-09-30', 500),
(960, 11, '2024-10-01', 500),
(961, 11, '2024-10-02', 500),
(962, 11, '2024-10-03', 500),
(963, 11, '2024-10-05', 500),
(964, 11, '2024-10-06', 500),
(965, 11, '2024-10-07', 500),
(966, 11, '2024-10-08', 500),
(967, 11, '2024-10-09', 500),
(968, 11, '2024-10-10', 500),
(969, 11, '2024-10-12', 500),
(970, 11, '2024-10-13', 500),
(971, 11, '2024-10-14', 500),
(972, 11, '2024-10-15', 500),
(973, 11, '2024-10-16', 500),
(974, 11, '2024-10-17', 500),
(975, 11, '2024-10-19', 500),
(976, 11, '2024-10-20', 500),
(977, 11, '2024-10-21', 500),
(978, 11, '2024-10-22', 500),
(979, 11, '2024-10-23', 500),
(980, 11, '2024-10-24', 500),
(981, 11, '2024-10-26', 500),
(982, 11, '2024-10-27', 500),
(983, 11, '2024-10-28', 500),
(984, 11, '2024-10-29', 500),
(985, 11, '2024-10-30', 500),
(986, 11, '2024-10-31', 500),
(987, 11, '2024-11-02', 500),
(988, 11, '2024-11-03', 500),
(989, 11, '2024-11-04', 500),
(990, 11, '2024-11-05', 500),
(991, 11, '2024-11-06', 500),
(992, 11, '2024-11-07', 500),
(993, 11, '2024-11-09', 500),
(994, 11, '2024-11-10', 500),
(995, 11, '2024-11-11', 500),
(996, 11, '2024-11-12', 500),
(997, 11, '2024-11-13', 500),
(998, 11, '2024-11-14', 500),
(999, 11, '2024-11-16', 500),
(1000, 11, '2024-11-17', 500),
(1001, 11, '2024-11-18', 500),
(1002, 11, '2024-11-19', 500),
(1003, 11, '2024-11-20', 500),
(1004, 11, '2024-11-21', 500),
(1005, 11, '2024-11-23', 500),
(1006, 11, '2024-11-24', 500),
(1007, 11, '2024-11-25', 500),
(1008, 11, '2024-11-26', 500),
(1009, 11, '2024-11-28', 500),
(1010, 11, '2024-11-30', 500),
(1011, 11, '2024-12-01', 500),
(1012, 11, '2024-12-02', 500),
(1013, 11, '2024-12-03', 500),
(1014, 11, '2024-12-04', 500),
(1015, 11, '2024-12-05', 500),
(1016, 11, '2024-12-07', 500),
(1017, 11, '2024-12-08', 500),
(1018, 11, '2024-12-09', 500),
(1019, 11, '2024-12-10', 500),
(1020, 11, '2024-12-11', 500),
(1021, 11, '2024-12-12', 500),
(1022, 11, '2024-12-14', 500),
(1023, 11, '2024-12-15', 500),
(1024, 11, '2024-12-16', 500),
(1025, 11, '2024-12-17', 500),
(1026, 11, '2024-12-18', 500),
(1027, 11, '2024-12-19', 500),
(1028, 11, '2025-01-08', 500),
(1029, 11, '2025-01-09', 500),
(1030, 11, '2025-01-11', 500),
(1031, 11, '2025-01-12', 500),
(1032, 11, '2025-01-13', 500),
(1033, 11, '2025-01-14', 500),
(1034, 11, '2025-01-15', 500),
(1035, 11, '2025-01-16', 500),
(1036, 11, '2025-01-18', 500),
(1037, 11, '2025-01-19', 500),
(1038, 11, '2025-01-20', 500),
(1039, 11, '2025-01-21', 500),
(1040, 11, '2025-01-22', 500),
(1041, 11, '2025-01-23', 500),
(1042, 11, '2025-01-25', 500),
(1043, 11, '2025-01-26', 500),
(1044, 11, '2025-01-30', 500),
(1045, 11, '2025-02-01', 500),
(1046, 11, '2025-02-02', 500),
(1047, 11, '2025-02-03', 500),
(1048, 11, '2025-02-04', 500),
(1049, 11, '2025-02-05', 500),
(1050, 11, '2025-02-06', 500),
(1051, 11, '2025-02-08', 500),
(1052, 11, '2025-02-09', 500),
(1053, 11, '2025-02-10', 500),
(1054, 11, '2025-02-11', 500),
(1055, 11, '2025-02-12', 500),
(1056, 11, '2025-02-13', 500),
(1057, 11, '2025-02-15', 500),
(1058, 11, '2025-02-16', 500),
(1059, 11, '2025-02-17', 500),
(1060, 11, '2025-02-18', 500),
(1061, 11, '2025-02-19', 500),
(1062, 11, '2025-02-20', 500),
(1063, 11, '2025-02-22', 500),
(1064, 11, '2025-02-23', 500),
(1065, 11, '2025-02-24', 500),
(1066, 11, '2025-02-25', 500),
(1067, 11, '2025-03-08', 500),
(1068, 11, '2025-03-09', 500),
(1069, 11, '2025-03-10', 500),
(1070, 11, '2025-03-11', 500),
(1071, 11, '2025-03-12', 500),
(1072, 11, '2025-03-13', 500),
(1073, 11, '2025-03-15', 500),
(1074, 11, '2025-03-16', 500),
(1075, 11, '2025-03-17', 500),
(1076, 11, '2025-03-18', 500),
(1077, 11, '2025-03-19', 500),
(1078, 11, '2025-03-20', 500),
(1079, 11, '2025-04-09', 500),
(1080, 11, '2025-04-10', 500),
(1081, 11, '2025-04-12', 500),
(1082, 11, '2025-04-13', 500),
(1083, 11, '2025-04-14', 500),
(1084, 11, '2025-04-15', 500),
(1085, 11, '2025-04-16', 500),
(1086, 11, '2025-04-17', 500),
(1087, 11, '2025-04-19', 500),
(1088, 11, '2025-04-20', 500),
(1089, 11, '2025-04-21', 500),
(1090, 11, '2025-04-22', 500),
(1091, 11, '2025-04-23', 500),
(1092, 11, '2025-04-24', 500),
(1093, 11, '2025-04-26', 500),
(1094, 11, '2025-04-27', 500),
(1095, 11, '2025-04-28', 500),
(1096, 11, '2025-04-29', 500),
(1097, 11, '2025-04-30', 500),
(1098, 11, '2025-05-01', 500),
(1099, 11, '2025-05-03', 500),
(1100, 11, '2025-05-04', 500),
(1101, 11, '2025-05-05', 500),
(1102, 11, '2025-05-06', 500),
(1103, 11, '2025-05-07', 500),
(1104, 11, '2025-05-08', 500),
(1105, 11, '2025-05-10', 500),
(1106, 11, '2025-05-11', 500),
(1107, 11, '2025-05-13', 500),
(1108, 11, '2025-05-14', 500),
(1109, 11, '2025-05-15', 500),
(1110, 11, '2025-05-17', 500),
(1111, 11, '2025-05-18', 500),
(1112, 11, '2025-05-19', 500),
(1113, 11, '2025-05-20', 500),
(1114, 11, '2025-05-21', 500),
(1115, 11, '2025-05-22', 500),
(1116, 11, '2025-05-24', 500),
(1117, 11, '2025-05-25', 500),
(1118, 11, '2025-05-26', 500),
(1119, 11, '2025-05-27', 500),
(1120, 11, '2025-05-28', 500),
(1121, 11, '2025-05-31', 500),
(1122, 11, '2025-06-01', 500),
(1123, 11, '2025-06-02', 500),
(1124, 11, '2025-06-03', 500),
(1125, 11, '2025-06-10', 500),
(1126, 11, '2025-06-11', 500),
(1127, 11, '2025-06-12', 500),
(1128, 11, '2025-06-14', 500),
(1129, 11, '2025-06-15', 500),
(1130, 11, '2025-06-16', 500),
(1131, 11, '2025-06-17', 500),
(1132, 11, '2025-06-18', 500),
(1133, 11, '2025-06-19', 500),
(1134, 11, '2025-06-21', 500),
(1135, 11, '2025-06-22', 500),
(1136, 11, '2025-06-23', 500),
(1137, 11, '2025-06-24', 500),
(1138, 11, '2025-06-25', 500),
(1139, 11, '2025-06-26', 500),
(1140, 11, '2025-06-28', 500),
(1141, 11, '2025-06-29', 500),
(1142, 11, '2025-06-30', 500),
(1371, 13, '2024-07-27', 500),
(1372, 13, '2024-07-28', 500),
(1373, 13, '2024-07-29', 500),
(1374, 13, '2024-07-30', 500),
(1375, 13, '2024-07-31', 500),
(1376, 13, '2024-08-01', 500),
(1377, 13, '2024-08-03', 500),
(1378, 13, '2024-08-04', 500),
(1379, 13, '2024-08-05', 500),
(1380, 13, '2024-08-06', 500),
(1381, 13, '2024-08-07', 500),
(1382, 13, '2024-08-08', 500),
(1383, 13, '2024-08-10', 500),
(1384, 13, '2024-08-11', 500),
(1385, 13, '2024-08-12', 500),
(1386, 13, '2024-08-13', 500),
(1387, 13, '2024-08-14', 500),
(1388, 13, '2024-08-15', 500),
(1389, 13, '2024-08-18', 500),
(1390, 13, '2024-08-19', 500),
(1391, 13, '2024-08-20', 500),
(1392, 13, '2024-08-21', 500),
(1393, 13, '2024-08-22', 500),
(1394, 13, '2024-08-24', 500),
(1395, 13, '2024-08-25', 500),
(1396, 13, '2024-08-26', 500),
(1397, 13, '2024-08-27', 500),
(1398, 13, '2024-08-28', 500),
(1399, 13, '2024-08-29', 500),
(1400, 13, '2024-08-31', 500),
(1401, 13, '2024-09-01', 500),
(1402, 13, '2024-09-02', 500),
(1403, 13, '2024-09-03', 500),
(1404, 13, '2024-09-04', 500),
(1405, 13, '2024-09-05', 500),
(1406, 13, '2024-09-07', 500),
(1407, 13, '2024-09-08', 500),
(1408, 13, '2024-09-09', 500),
(1409, 13, '2024-09-10', 500),
(1410, 13, '2024-09-11', 500),
(1411, 13, '2024-09-12', 500),
(1412, 13, '2024-09-14', 500),
(1413, 13, '2024-09-15', 500),
(1414, 13, '2024-09-16', 500),
(1415, 13, '2024-09-18', 500),
(1416, 13, '2024-09-19', 500),
(1417, 13, '2024-09-21', 500),
(1418, 13, '2024-09-22', 500),
(1419, 13, '2024-09-23', 500),
(1420, 13, '2024-09-24', 500),
(1421, 13, '2024-09-25', 500),
(1422, 13, '2024-09-26', 500),
(1423, 13, '2024-09-28', 500),
(1424, 13, '2024-09-29', 500),
(1425, 13, '2024-09-30', 500),
(1426, 13, '2024-10-01', 500),
(1427, 13, '2024-10-02', 500),
(1428, 13, '2024-10-03', 500),
(1429, 13, '2024-10-05', 500),
(1430, 13, '2024-10-06', 500),
(1431, 13, '2024-10-07', 500),
(1432, 13, '2024-10-08', 500),
(1433, 13, '2024-10-09', 500),
(1434, 13, '2024-10-10', 500),
(1435, 13, '2024-10-12', 500),
(1436, 13, '2024-10-13', 500),
(1437, 13, '2024-10-14', 500),
(1438, 13, '2024-10-15', 500),
(1439, 13, '2024-10-16', 500),
(1440, 13, '2024-10-17', 500),
(1441, 13, '2024-10-19', 500),
(1442, 13, '2024-10-20', 500),
(1443, 13, '2024-10-21', 500),
(1444, 13, '2024-10-22', 500),
(1445, 13, '2024-10-23', 500),
(1446, 13, '2024-10-24', 500),
(1447, 13, '2024-10-26', 500),
(1448, 13, '2024-10-27', 500),
(1449, 13, '2024-10-28', 500),
(1450, 13, '2024-10-29', 500),
(1451, 13, '2024-10-30', 500),
(1452, 13, '2024-10-31', 500),
(1453, 13, '2024-11-02', 500),
(1454, 13, '2024-11-03', 500),
(1455, 13, '2024-11-04', 500),
(1456, 13, '2024-11-05', 500),
(1457, 13, '2024-11-06', 500),
(1458, 13, '2024-11-07', 500),
(1459, 13, '2024-11-09', 500),
(1460, 13, '2024-11-10', 500),
(1461, 13, '2024-11-11', 500),
(1462, 13, '2024-11-12', 500),
(1463, 13, '2024-11-13', 500),
(1464, 13, '2024-11-14', 500),
(1465, 13, '2024-11-16', 500),
(1466, 13, '2024-11-17', 500),
(1467, 13, '2024-11-18', 500),
(1468, 13, '2024-11-19', 500),
(1469, 13, '2024-11-20', 500),
(1470, 13, '2024-11-21', 500),
(1471, 13, '2024-11-23', 500),
(1472, 13, '2024-11-24', 500),
(1473, 13, '2024-11-25', 500),
(1474, 13, '2024-11-26', 500),
(1475, 13, '2024-11-28', 500),
(1476, 13, '2024-11-30', 500),
(1477, 13, '2024-12-01', 500),
(1478, 13, '2024-12-02', 500),
(1479, 13, '2024-12-03', 500),
(1480, 13, '2024-12-04', 500),
(1481, 13, '2024-12-05', 500),
(1482, 13, '2024-12-07', 500),
(1483, 13, '2024-12-08', 500),
(1484, 13, '2024-12-09', 500),
(1485, 13, '2024-12-10', 500),
(1486, 13, '2024-12-11', 500),
(1487, 13, '2024-12-12', 500),
(1488, 13, '2024-12-14', 500),
(1489, 13, '2024-12-15', 500),
(1490, 13, '2024-12-16', 500),
(1491, 13, '2024-12-17', 500),
(1492, 13, '2024-12-18', 500),
(1493, 13, '2024-12-19', 500),
(1494, 13, '2025-01-08', 500),
(1495, 13, '2025-01-09', 500),
(1496, 13, '2025-01-11', 500),
(1497, 13, '2025-01-12', 500),
(1498, 13, '2025-01-13', 500),
(1499, 13, '2025-01-14', 500),
(1500, 13, '2025-01-15', 500),
(1501, 13, '2025-01-16', 500),
(1502, 13, '2025-01-18', 500),
(1503, 13, '2025-01-19', 500),
(1504, 13, '2025-01-20', 500),
(1505, 13, '2025-01-21', 500),
(1506, 13, '2025-01-22', 500),
(1507, 13, '2025-01-23', 500),
(1508, 13, '2025-01-25', 500),
(1509, 13, '2025-01-26', 500),
(1510, 13, '2025-01-30', 500),
(1511, 13, '2025-02-01', 500),
(1512, 13, '2025-02-02', 500),
(1513, 13, '2025-02-03', 500),
(1514, 13, '2025-02-04', 500),
(1515, 13, '2025-02-05', 500),
(1516, 13, '2025-02-06', 500),
(1517, 13, '2025-02-08', 500),
(1518, 13, '2025-02-09', 500),
(1519, 13, '2025-02-10', 500),
(1520, 13, '2025-02-11', 500),
(1521, 13, '2025-02-12', 500),
(1522, 13, '2025-02-13', 500),
(1523, 13, '2025-02-15', 500),
(1524, 13, '2025-02-16', 500),
(1525, 13, '2025-02-17', 500),
(1526, 13, '2025-02-18', 500),
(1527, 13, '2025-02-19', 500),
(1528, 13, '2025-02-20', 500),
(1529, 13, '2025-02-22', 500),
(1530, 13, '2025-02-23', 500),
(1531, 13, '2025-02-24', 500),
(1532, 13, '2025-02-25', 500),
(1545, 13, '2025-04-09', 500),
(1546, 13, '2025-04-10', 500),
(1547, 13, '2025-04-12', 500),
(1548, 13, '2025-04-13', 500),
(1549, 13, '2025-04-14', 500),
(1550, 13, '2025-04-15', 500),
(1551, 13, '2025-04-16', 500),
(1552, 13, '2025-04-17', 500),
(1553, 13, '2025-04-19', 500),
(1554, 13, '2025-04-20', 500),
(1555, 13, '2025-04-21', 500),
(1556, 13, '2025-04-22', 500),
(1557, 13, '2025-04-23', 500),
(1558, 13, '2025-04-24', 500),
(1559, 13, '2025-04-26', 500),
(1560, 13, '2025-04-27', 500),
(1561, 13, '2025-04-28', 500),
(1562, 13, '2025-04-29', 500),
(1563, 13, '2025-04-30', 500),
(1564, 13, '2025-05-01', 500),
(1565, 13, '2025-05-03', 500),
(1566, 13, '2025-05-04', 500),
(1567, 13, '2025-05-05', 500),
(1568, 13, '2025-05-06', 500),
(1569, 13, '2025-05-07', 500),
(1570, 13, '2025-05-08', 500),
(1571, 13, '2025-05-10', 500),
(1572, 13, '2025-05-11', 500),
(1573, 13, '2025-05-13', 500),
(1574, 13, '2025-05-14', 500),
(1575, 13, '2025-05-15', 500),
(1576, 13, '2025-05-17', 500),
(1577, 13, '2025-05-18', 500),
(1578, 13, '2025-05-19', 500),
(1579, 13, '2025-05-20', 500),
(1580, 13, '2025-05-21', 500),
(1581, 13, '2025-05-22', 500),
(1582, 13, '2025-05-24', 500),
(1583, 13, '2025-05-25', 500),
(1584, 13, '2025-05-26', 500),
(1585, 13, '2025-05-27', 500),
(1586, 13, '2025-05-28', 500),
(1587, 13, '2025-05-31', 500),
(1588, 13, '2025-06-01', 500),
(1589, 13, '2025-06-02', 500),
(1590, 13, '2025-06-03', 500),
(1591, 13, '2025-06-10', 500),
(1592, 13, '2025-06-11', 500),
(1593, 13, '2025-06-12', 500),
(1594, 14, '2024-07-27', 500),
(1595, 14, '2024-07-28', 500),
(1596, 14, '2024-07-29', 500),
(1597, 14, '2024-07-30', 500),
(1598, 14, '2024-07-31', 500),
(1599, 14, '2024-08-01', 500),
(1600, 14, '2024-08-03', 500),
(1601, 14, '2024-08-04', 500),
(1602, 14, '2024-08-05', 500),
(1603, 14, '2024-08-06', 500),
(1604, 14, '2024-08-07', 500),
(1605, 14, '2024-08-08', 500),
(1606, 14, '2024-08-10', 500),
(1607, 14, '2024-08-11', 500),
(1608, 14, '2024-08-12', 500),
(1609, 14, '2024-08-13', 500),
(1610, 14, '2024-08-14', 500),
(1611, 14, '2024-08-15', 500),
(1612, 14, '2024-08-18', 500),
(1613, 14, '2024-08-19', 500),
(1614, 14, '2024-08-20', 500),
(1615, 14, '2024-08-21', 500),
(1616, 14, '2024-08-22', 500),
(1617, 14, '2024-08-24', 500),
(1618, 14, '2024-08-25', 500),
(1619, 14, '2024-08-26', 500),
(1620, 14, '2024-08-27', 500),
(1621, 14, '2024-08-28', 500),
(1622, 14, '2024-08-29', 500),
(1623, 14, '2024-08-31', 500),
(1624, 14, '2024-09-01', 500),
(1625, 14, '2024-09-02', 500),
(1626, 14, '2024-09-03', 500),
(1627, 14, '2024-09-04', 500),
(1628, 14, '2024-09-05', 500),
(1629, 14, '2024-09-07', 500),
(1630, 14, '2024-09-08', 500),
(1631, 14, '2024-09-09', 500),
(1632, 14, '2024-09-10', 500),
(1633, 14, '2024-09-11', 500),
(1634, 14, '2024-09-12', 500),
(1635, 14, '2024-09-14', 500),
(1636, 14, '2024-09-15', 500),
(1637, 14, '2024-09-16', 500),
(1638, 14, '2024-09-18', 500),
(1639, 14, '2024-09-19', 500),
(1640, 14, '2024-09-21', 500),
(1641, 14, '2024-09-22', 500),
(1642, 14, '2024-09-23', 500),
(1643, 14, '2024-09-24', 500),
(1644, 14, '2024-09-25', 500),
(1645, 14, '2024-09-26', 500),
(1646, 14, '2024-09-28', 500),
(1647, 14, '2024-09-29', 500),
(1648, 14, '2024-09-30', 500),
(1649, 14, '2024-10-01', 500),
(1650, 14, '2024-10-02', 500),
(1651, 14, '2024-10-03', 500),
(1652, 14, '2024-10-05', 500),
(1653, 14, '2024-10-06', 500),
(1654, 14, '2024-10-07', 500),
(1655, 14, '2024-10-08', 500),
(1656, 14, '2024-10-09', 500),
(1657, 14, '2024-10-10', 500),
(1658, 14, '2024-10-12', 500),
(1659, 14, '2024-10-13', 500),
(1660, 14, '2024-10-14', 500),
(1661, 14, '2024-10-15', 500),
(1662, 14, '2024-10-16', 500),
(1663, 14, '2024-10-17', 500),
(1664, 14, '2024-10-19', 500),
(1665, 14, '2024-10-20', 500),
(1666, 14, '2024-10-21', 500),
(1667, 14, '2024-10-22', 500),
(1668, 14, '2024-10-23', 500),
(1669, 14, '2024-10-24', 500),
(1670, 14, '2024-10-26', 500),
(1671, 14, '2024-10-27', 500),
(1672, 14, '2024-10-28', 500),
(1673, 14, '2024-10-29', 500),
(1674, 14, '2024-10-30', 500),
(1675, 14, '2024-10-31', 500),
(1676, 14, '2024-11-02', 500),
(1677, 14, '2024-11-03', 500),
(1678, 14, '2024-11-04', 500),
(1679, 14, '2024-11-05', 500),
(1680, 14, '2024-11-06', 500),
(1681, 14, '2024-11-07', 500),
(1682, 14, '2024-11-09', 500),
(1683, 14, '2024-11-10', 500),
(1684, 14, '2024-11-11', 500),
(1685, 14, '2024-11-12', 500),
(1686, 14, '2024-11-13', 500),
(1687, 14, '2024-11-14', 500),
(1688, 14, '2024-11-16', 500),
(1689, 14, '2024-11-17', 500),
(1690, 14, '2024-11-18', 500),
(1691, 14, '2024-11-19', 500),
(1692, 14, '2024-11-20', 500),
(1693, 14, '2024-11-21', 500),
(1694, 14, '2024-11-23', 500),
(1695, 14, '2024-11-24', 500),
(1696, 14, '2024-11-25', 500),
(1697, 14, '2024-11-26', 500),
(1698, 14, '2024-11-28', 500),
(1699, 14, '2024-11-30', 500),
(1700, 14, '2024-12-01', 500),
(1701, 14, '2024-12-02', 500),
(1702, 14, '2024-12-03', 500),
(1703, 14, '2024-12-04', 500),
(1704, 14, '2024-12-05', 500),
(1705, 14, '2024-12-07', 500),
(1706, 14, '2024-12-08', 500),
(1707, 14, '2024-12-09', 500),
(1708, 14, '2024-12-10', 500),
(1709, 14, '2024-12-11', 500),
(1710, 14, '2024-12-12', 500),
(1711, 14, '2024-12-14', 500),
(1712, 14, '2024-12-15', 500),
(1713, 14, '2024-12-16', 500),
(1714, 14, '2024-12-17', 500),
(1715, 14, '2024-12-18', 500),
(1716, 14, '2024-12-19', 500),
(1717, 14, '2025-01-08', 500),
(1718, 14, '2025-01-09', 500),
(1719, 14, '2025-01-11', 500),
(1720, 14, '2025-01-12', 500),
(1721, 14, '2025-01-13', 500),
(1722, 14, '2025-01-14', 500),
(1723, 14, '2025-01-15', 500),
(1724, 14, '2025-01-16', 500),
(1725, 14, '2025-01-18', 500),
(1726, 14, '2025-01-19', 500),
(1727, 14, '2025-01-20', 500),
(1728, 14, '2025-01-21', 500),
(1729, 14, '2025-01-22', 500),
(1730, 14, '2025-01-23', 500),
(1731, 14, '2025-01-25', 500),
(1732, 14, '2025-01-26', 500),
(1733, 14, '2025-01-30', 500),
(1734, 14, '2025-02-01', 500),
(1735, 14, '2025-02-02', 500),
(1736, 14, '2025-02-03', 500),
(1737, 14, '2025-02-04', 500),
(1738, 14, '2025-02-05', 500),
(1739, 14, '2025-02-06', 500),
(1740, 14, '2025-02-08', 500),
(1741, 14, '2025-02-09', 500),
(1742, 14, '2025-02-10', 500),
(1743, 14, '2025-02-11', 500),
(1744, 14, '2025-02-12', 500),
(1745, 14, '2025-02-13', 500),
(1746, 14, '2025-02-15', 500),
(1747, 14, '2025-02-16', 500),
(1748, 14, '2025-02-17', 500),
(1749, 14, '2025-02-18', 500),
(1750, 14, '2025-02-19', 500),
(1751, 14, '2025-02-20', 500),
(1752, 14, '2025-02-22', 500),
(1753, 14, '2025-02-23', 500),
(1754, 14, '2025-02-24', 500),
(1755, 14, '2025-02-25', 500),
(1756, 14, '2025-03-08', 500),
(1757, 14, '2025-03-09', 500),
(1758, 14, '2025-03-10', 500),
(1759, 14, '2025-03-11', 500),
(1760, 14, '2025-03-12', 500),
(1761, 14, '2025-03-13', 500),
(1762, 14, '2025-03-15', 500),
(1763, 14, '2025-03-16', 500),
(1764, 14, '2025-03-17', 500),
(1765, 14, '2025-03-18', 500),
(1766, 14, '2025-03-19', 500),
(1767, 14, '2025-03-20', 500),
(1787, 14, '2025-05-01', 500),
(1788, 14, '2025-05-03', 500),
(1789, 14, '2025-05-04', 500),
(1790, 14, '2025-05-05', 500),
(1791, 14, '2025-05-06', 500),
(1792, 14, '2025-05-07', 500),
(1793, 14, '2025-05-08', 500),
(1794, 14, '2025-05-10', 500),
(1795, 14, '2025-05-11', 500),
(1796, 14, '2025-05-13', 500),
(1797, 14, '2025-05-14', 500),
(1798, 14, '2025-05-15', 500),
(1799, 14, '2025-05-17', 500),
(1800, 14, '2025-05-18', 500),
(1801, 14, '2025-05-19', 500),
(1802, 14, '2025-05-20', 500),
(1803, 14, '2025-05-21', 500),
(1804, 14, '2025-05-22', 500),
(1805, 14, '2025-05-24', 500),
(1806, 14, '2025-05-25', 500),
(1807, 14, '2025-05-26', 500),
(1808, 14, '2025-05-27', 500),
(1809, 14, '2025-05-28', 500),
(1810, 14, '2025-05-31', 500),
(1811, 14, '2025-06-01', 500),
(1812, 14, '2025-06-02', 500),
(1813, 14, '2025-06-03', 500),
(1814, 14, '2025-06-10', 500),
(1815, 14, '2025-06-11', 500),
(1816, 14, '2025-06-12', 500),
(1817, 2, '2024-07-27', 500),
(1818, 2, '2024-07-28', 500),
(1819, 2, '2024-07-29', 500),
(1820, 2, '2024-07-30', 500),
(1821, 2, '2024-07-31', 500),
(1822, 2, '2024-08-01', 500),
(1823, 2, '2024-08-03', 500),
(1824, 2, '2024-08-04', 500),
(1825, 2, '2024-08-05', 500),
(1826, 2, '2024-08-06', 500),
(1827, 2, '2024-08-07', 500),
(1828, 2, '2024-08-08', 500),
(1829, 2, '2024-08-10', 500),
(1830, 2, '2024-08-11', 500),
(1831, 2, '2024-08-12', 500),
(1832, 2, '2024-08-13', 500),
(1833, 2, '2024-08-14', 500),
(1834, 2, '2024-08-15', 500),
(1835, 2, '2024-08-18', 500),
(1836, 2, '2024-08-19', 500),
(1837, 2, '2024-08-20', 500),
(1838, 2, '2024-08-21', 500),
(1839, 2, '2024-08-22', 500),
(1840, 2, '2024-08-24', 500),
(1841, 2, '2024-08-25', 500),
(1842, 2, '2024-08-26', 500),
(1843, 2, '2024-08-27', 500),
(1844, 2, '2024-08-28', 500),
(1845, 2, '2024-08-29', 500),
(1846, 2, '2024-08-31', 500),
(1847, 2, '2024-09-01', 500),
(1848, 2, '2024-09-02', 500),
(1849, 2, '2024-09-03', 500),
(1850, 2, '2024-09-04', 500),
(1851, 2, '2024-09-05', 500),
(1852, 2, '2024-09-07', 500),
(1853, 2, '2024-09-08', 500),
(1854, 2, '2024-09-09', 500),
(1855, 2, '2024-09-10', 500),
(1856, 2, '2024-09-11', 500),
(1857, 2, '2024-09-12', 500),
(1858, 2, '2024-09-14', 500),
(1859, 2, '2024-09-15', 500),
(1860, 2, '2024-09-16', 500),
(1861, 2, '2024-09-18', 500),
(1862, 2, '2024-09-19', 500),
(1863, 2, '2024-09-21', 500),
(1864, 2, '2024-09-22', 500),
(1865, 2, '2024-09-23', 500),
(1866, 2, '2024-09-24', 500),
(1867, 2, '2024-09-25', 500),
(1868, 2, '2024-09-26', 500),
(1869, 2, '2024-09-28', 500),
(1870, 2, '2024-09-29', 500),
(1871, 2, '2024-09-30', 500),
(1872, 2, '2024-10-01', 500),
(1873, 2, '2024-10-02', 500),
(1874, 2, '2024-10-03', 500),
(1875, 2, '2024-10-05', 500),
(1876, 2, '2024-10-06', 500),
(1877, 2, '2024-10-07', 500),
(1878, 2, '2024-10-08', 500),
(1879, 2, '2024-10-09', 500),
(1880, 2, '2024-10-10', 500),
(1881, 2, '2024-10-12', 500),
(1882, 2, '2024-10-13', 500),
(1883, 2, '2024-10-14', 500),
(1884, 2, '2024-10-15', 500),
(1885, 2, '2024-10-16', 500),
(1886, 2, '2024-10-17', 500),
(1887, 2, '2024-10-19', 500),
(1888, 2, '2024-10-20', 500),
(1889, 2, '2024-10-21', 500),
(1890, 2, '2024-10-22', 500),
(1891, 2, '2024-10-23', 500),
(1892, 2, '2024-10-24', 500),
(1893, 2, '2024-10-26', 500),
(1894, 2, '2024-10-27', 500),
(1895, 2, '2024-10-28', 500),
(1896, 2, '2024-10-29', 500),
(1897, 2, '2024-10-30', 500),
(1898, 2, '2024-10-31', 500),
(1899, 2, '2024-11-02', 500),
(1900, 2, '2024-11-03', 500),
(1901, 2, '2024-11-04', 500),
(1902, 2, '2024-11-05', 500),
(1903, 2, '2024-11-06', 500),
(1904, 2, '2024-11-07', 500),
(1905, 2, '2024-11-09', 500),
(1906, 2, '2024-11-10', 500),
(1907, 2, '2024-11-11', 500),
(1908, 2, '2024-11-12', 500),
(1909, 2, '2024-11-13', 500),
(1910, 2, '2024-11-14', 500),
(1911, 2, '2024-11-16', 500),
(1912, 2, '2024-11-17', 500),
(1913, 2, '2024-11-18', 500),
(1914, 2, '2024-11-19', 500),
(1915, 2, '2024-11-20', 500),
(1916, 2, '2024-11-21', 500),
(1917, 2, '2024-11-23', 500),
(1918, 2, '2024-11-24', 500),
(1919, 2, '2024-11-25', 500),
(1920, 2, '2024-11-26', 500),
(1921, 2, '2024-11-28', 500),
(1922, 2, '2024-11-30', 500),
(1923, 2, '2024-12-01', 500),
(1924, 2, '2024-12-02', 500),
(1925, 2, '2024-12-03', 500),
(1926, 2, '2024-12-04', 500),
(1927, 2, '2024-12-05', 500),
(1928, 2, '2024-12-07', 500),
(1929, 2, '2024-12-08', 500),
(1930, 2, '2024-12-09', 500),
(1931, 2, '2024-12-10', 500),
(1932, 2, '2024-12-11', 500),
(1933, 2, '2024-12-12', 500),
(1934, 2, '2024-12-14', 500),
(1935, 2, '2024-12-15', 500),
(1936, 2, '2024-12-16', 500),
(1937, 2, '2024-12-17', 500),
(1938, 2, '2024-12-18', 500),
(1939, 2, '2024-12-19', 500),
(1941, 2, '2025-01-08', 500),
(1942, 2, '2025-01-09', 500),
(1943, 2, '2025-01-11', 500),
(1944, 2, '2025-01-12', 500),
(1945, 2, '2025-01-13', 500),
(1946, 2, '2025-01-14', 500),
(1947, 2, '2025-01-15', 500),
(1948, 2, '2025-01-16', 500),
(1949, 2, '2025-01-18', 500),
(1950, 2, '2025-01-19', 500),
(1951, 2, '2025-01-20', 500),
(1952, 2, '2025-01-21', 500),
(1953, 2, '2025-01-22', 500),
(1954, 2, '2025-01-23', 500),
(1955, 2, '2025-01-25', 500),
(1956, 2, '2025-01-26', 500),
(1957, 2, '2025-01-30', 500),
(1958, 2, '2025-02-01', 500),
(1959, 2, '2025-02-02', 500),
(1960, 2, '2025-02-03', 500),
(1961, 2, '2025-02-04', 500),
(1962, 2, '2025-02-05', 500),
(1963, 2, '2025-02-06', 500),
(1964, 2, '2025-02-08', 500),
(1965, 2, '2025-02-09', 500),
(1966, 2, '2025-02-10', 500),
(1967, 2, '2025-02-11', 500),
(1968, 2, '2025-02-12', 500),
(1969, 2, '2025-02-13', 500),
(1970, 2, '2025-02-15', 500),
(1971, 2, '2025-02-16', 500),
(1972, 2, '2025-02-17', 500),
(1973, 2, '2025-02-18', 500),
(1974, 2, '2025-02-19', 500),
(1975, 2, '2025-02-20', 500),
(1976, 2, '2025-02-22', 500),
(1977, 2, '2025-02-23', 500),
(1978, 2, '2025-02-24', 500),
(1979, 2, '2025-02-25', 500),
(1980, 2, '2025-03-08', 500),
(1981, 2, '2025-03-09', 500),
(1982, 2, '2025-03-10', 500),
(1983, 2, '2025-03-11', 500),
(1984, 2, '2025-03-12', 500),
(1985, 2, '2025-03-13', 500),
(1986, 2, '2025-03-15', 500),
(1987, 2, '2025-03-16', 500),
(1988, 2, '2025-03-17', 500),
(1989, 2, '2025-03-18', 500),
(1990, 2, '2025-03-19', 500),
(1991, 4, '2024-07-27', 500),
(1992, 4, '2024-07-28', 500),
(1993, 4, '2024-07-29', 500),
(1994, 4, '2024-07-30', 500),
(1995, 4, '2024-07-31', 500),
(1996, 4, '2024-08-01', 500),
(1997, 4, '2024-08-03', 500),
(1998, 4, '2024-08-04', 500),
(1999, 4, '2024-08-05', 500),
(2000, 4, '2024-08-06', 500),
(2001, 4, '2024-08-07', 500),
(2002, 4, '2024-08-08', 500),
(2003, 4, '2024-08-10', 500),
(2004, 4, '2024-08-11', 500),
(2005, 4, '2024-08-12', 500),
(2006, 4, '2024-08-13', 500),
(2007, 4, '2024-08-14', 500),
(2008, 4, '2024-08-15', 500),
(2009, 4, '2024-08-18', 500),
(2010, 4, '2024-08-19', 500),
(2011, 4, '2024-08-20', 500),
(2012, 4, '2024-08-21', 500),
(2013, 4, '2024-08-22', 500),
(2014, 4, '2024-08-24', 500),
(2015, 4, '2024-08-25', 500),
(2016, 4, '2024-08-26', 500),
(2017, 4, '2024-08-27', 500),
(2018, 4, '2024-08-28', 500),
(2019, 4, '2024-08-29', 500),
(2020, 4, '2024-08-31', 500),
(2021, 4, '2024-09-01', 500),
(2022, 4, '2024-09-02', 500),
(2023, 4, '2024-09-03', 500),
(2024, 4, '2024-09-04', 500),
(2025, 4, '2024-09-05', 500),
(2026, 4, '2024-09-07', 500),
(2027, 4, '2024-09-08', 500),
(2028, 4, '2024-09-09', 500),
(2029, 4, '2024-09-10', 500),
(2030, 4, '2024-09-11', 500),
(2031, 4, '2024-09-12', 500),
(2032, 4, '2024-09-14', 500),
(2033, 4, '2024-09-15', 500),
(2034, 4, '2024-09-16', 500),
(2035, 4, '2024-09-18', 500),
(2036, 4, '2024-09-19', 500),
(2037, 4, '2024-09-21', 500),
(2038, 4, '2024-09-22', 500),
(2039, 4, '2024-09-23', 500),
(2040, 4, '2024-09-24', 500),
(2041, 4, '2024-09-25', 500),
(2042, 4, '2024-09-26', 500),
(2043, 4, '2024-09-28', 500),
(2044, 4, '2024-09-29', 500),
(2045, 4, '2024-09-30', 500),
(2046, 4, '2024-10-01', 500),
(2047, 4, '2024-10-02', 500),
(2048, 4, '2024-10-03', 500),
(2049, 4, '2024-10-05', 500),
(2050, 4, '2024-10-06', 500),
(2051, 4, '2024-10-07', 500),
(2052, 4, '2024-10-08', 500),
(2053, 4, '2024-10-09', 500),
(2054, 4, '2024-10-10', 500),
(2055, 4, '2024-10-12', 500),
(2056, 4, '2024-10-13', 500),
(2057, 4, '2024-10-14', 500),
(2058, 4, '2024-10-15', 500),
(2059, 4, '2024-10-16', 500),
(2060, 4, '2024-10-17', 500),
(2061, 4, '2024-10-19', 500),
(2062, 4, '2024-10-20', 500),
(2063, 4, '2024-10-21', 500),
(2064, 4, '2024-10-22', 500),
(2065, 4, '2024-10-23', 500),
(2066, 4, '2024-10-24', 500),
(2067, 4, '2024-10-26', 500),
(2068, 4, '2024-10-27', 500),
(2069, 4, '2024-10-28', 500),
(2070, 4, '2024-10-29', 500),
(2071, 4, '2024-10-30', 500),
(2072, 4, '2024-10-31', 500),
(2073, 4, '2024-11-02', 500),
(2074, 4, '2024-11-03', 500),
(2075, 4, '2024-11-04', 500),
(2076, 4, '2024-11-05', 500),
(2077, 4, '2024-11-06', 500),
(2078, 4, '2024-11-07', 500),
(2079, 4, '2024-11-09', 500),
(2080, 4, '2024-11-10', 500),
(2081, 4, '2024-11-11', 500),
(2082, 4, '2024-11-12', 500),
(2083, 4, '2024-11-13', 500),
(2084, 4, '2024-11-14', 500),
(2085, 4, '2024-11-16', 500),
(2086, 4, '2024-11-17', 500),
(2087, 4, '2024-11-18', 500),
(2088, 4, '2024-11-19', 500),
(2089, 4, '2024-11-20', 500),
(2090, 4, '2024-11-21', 500),
(2091, 4, '2024-11-23', 500),
(2092, 4, '2024-11-24', 500),
(2093, 4, '2024-11-25', 500),
(2094, 4, '2024-11-26', 500),
(2095, 4, '2024-11-28', 500),
(2096, 4, '2024-11-30', 500),
(2097, 4, '2024-12-01', 500),
(2098, 4, '2024-12-02', 500),
(2099, 4, '2024-12-03', 500),
(2100, 4, '2024-12-04', 500),
(2101, 4, '2024-12-05', 500),
(2102, 4, '2024-12-07', 500),
(2103, 4, '2024-12-08', 500),
(2104, 4, '2024-12-09', 500),
(2105, 4, '2024-12-10', 500),
(2106, 4, '2024-12-11', 500),
(2107, 4, '2024-12-12', 500),
(2108, 4, '2024-12-14', 500),
(2109, 4, '2024-12-15', 500),
(2110, 4, '2024-12-16', 500),
(2111, 4, '2024-12-17', 500),
(2112, 4, '2024-12-18', 500),
(2113, 4, '2024-12-19', 500),
(2114, 4, '2025-01-08', 500),
(2115, 4, '2025-01-09', 500),
(2116, 4, '2025-01-11', 500),
(2117, 4, '2025-01-12', 500),
(2118, 4, '2025-01-13', 500),
(2119, 4, '2025-01-14', 500),
(2120, 4, '2025-01-15', 500),
(2121, 4, '2025-01-16', 500),
(2122, 4, '2025-01-18', 500),
(2123, 4, '2025-01-19', 500),
(2124, 4, '2025-01-20', 500),
(2125, 4, '2025-01-21', 500),
(2126, 4, '2025-01-22', 500),
(2127, 4, '2025-01-23', 500),
(2128, 4, '2025-01-25', 500),
(2129, 4, '2025-01-26', 500),
(2130, 4, '2025-01-30', 500),
(2131, 4, '2025-02-01', 500),
(2132, 4, '2025-02-02', 500),
(2133, 4, '2025-02-03', 500),
(2134, 4, '2025-02-04', 500),
(2135, 4, '2025-02-05', 500),
(2136, 4, '2025-02-06', 500),
(2137, 4, '2025-02-08', 500),
(2138, 4, '2025-02-09', 500),
(2139, 4, '2025-02-10', 500),
(2140, 4, '2025-02-11', 500),
(2141, 4, '2025-02-12', 500),
(2142, 4, '2025-02-13', 500),
(2143, 4, '2025-02-15', 500),
(2144, 4, '2025-02-16', 500),
(2145, 4, '2025-02-17', 500),
(2146, 4, '2025-02-18', 500),
(2147, 4, '2025-02-19', 500),
(2148, 4, '2025-02-20', 500),
(2149, 4, '2025-02-22', 500),
(2150, 4, '2025-02-23', 500),
(2151, 4, '2025-02-24', 500),
(2152, 4, '2025-02-25', 500),
(2153, 4, '2025-03-08', 500),
(2154, 4, '2025-03-09', 500),
(2155, 4, '2025-03-10', 500),
(2156, 5, '2024-07-27', 500),
(2157, 5, '2024-07-28', 500),
(2158, 5, '2024-07-29', 500),
(2159, 5, '2024-07-30', 500),
(2160, 5, '2024-07-31', 500),
(2161, 5, '2024-08-01', 500),
(2162, 5, '2024-08-03', 500),
(2163, 5, '2024-08-04', 500),
(2164, 5, '2024-08-05', 500),
(2165, 5, '2024-08-06', 500),
(2166, 5, '2024-08-07', 500),
(2167, 5, '2024-08-08', 500),
(2168, 5, '2024-08-10', 500),
(2169, 5, '2024-08-11', 500),
(2170, 5, '2024-08-12', 500),
(2171, 5, '2024-08-13', 500),
(2172, 5, '2024-08-14', 500),
(2173, 5, '2024-08-15', 500),
(2174, 5, '2024-08-18', 500),
(2175, 5, '2024-08-19', 500),
(2176, 5, '2024-08-20', 500),
(2177, 5, '2024-08-21', 500),
(2178, 5, '2024-08-22', 500),
(2179, 5, '2024-08-24', 500),
(2180, 5, '2024-08-25', 500),
(2181, 5, '2024-08-26', 500),
(2182, 5, '2024-08-27', 500),
(2183, 5, '2024-08-28', 500),
(2184, 5, '2024-08-29', 500),
(2185, 5, '2024-08-31', 500),
(2186, 5, '2024-09-01', 500),
(2187, 5, '2024-09-02', 500),
(2188, 5, '2024-09-03', 500),
(2189, 5, '2024-09-04', 500),
(2190, 5, '2024-09-05', 500),
(2191, 5, '2024-09-07', 500),
(2192, 5, '2024-09-08', 500),
(2193, 5, '2024-09-09', 500),
(2194, 5, '2024-09-10', 500),
(2195, 5, '2024-09-11', 500),
(2196, 5, '2024-09-12', 500),
(2197, 5, '2024-09-14', 500),
(2198, 5, '2024-09-15', 500),
(2199, 5, '2024-09-16', 500),
(2200, 5, '2024-09-18', 500),
(2201, 5, '2024-09-19', 500),
(2202, 5, '2024-09-21', 500),
(2203, 5, '2024-09-22', 500),
(2204, 5, '2024-09-23', 500),
(2205, 5, '2024-09-24', 500),
(2206, 5, '2024-09-25', 500),
(2207, 5, '2024-09-26', 500),
(2208, 5, '2024-09-28', 500),
(2209, 5, '2024-09-29', 500),
(2210, 5, '2024-09-30', 500),
(2211, 5, '2024-10-01', 500),
(2212, 5, '2024-10-02', 500),
(2213, 5, '2024-10-03', 500),
(2214, 5, '2024-10-05', 500),
(2215, 5, '2024-10-06', 500),
(2216, 5, '2024-10-07', 500),
(2217, 5, '2024-10-08', 500),
(2218, 5, '2024-10-09', 500),
(2219, 5, '2024-10-10', 500),
(2220, 5, '2024-10-12', 500),
(2221, 5, '2024-10-13', 500),
(2222, 5, '2024-10-14', 500),
(2223, 5, '2024-10-15', 500),
(2224, 5, '2024-10-16', 500),
(2225, 5, '2024-10-17', 500),
(2226, 5, '2024-10-19', 500),
(2227, 5, '2024-10-20', 500),
(2228, 5, '2024-10-21', 500),
(2229, 5, '2024-10-22', 500),
(2230, 5, '2024-10-23', 500),
(2231, 5, '2024-10-24', 500),
(2232, 5, '2024-10-26', 500),
(2233, 5, '2024-10-27', 500),
(2234, 5, '2024-10-28', 500),
(2235, 5, '2024-10-29', 500),
(2236, 5, '2024-10-30', 500),
(2237, 5, '2024-10-31', 500),
(2238, 5, '2024-11-02', 500),
(2239, 5, '2024-11-03', 500),
(2240, 5, '2024-11-04', 500),
(2241, 5, '2024-11-05', 500),
(2242, 5, '2024-11-06', 500),
(2243, 5, '2024-11-07', 500),
(2244, 5, '2024-11-09', 500),
(2245, 5, '2024-11-10', 500),
(2246, 5, '2024-11-11', 500),
(2247, 5, '2024-11-12', 500),
(2248, 5, '2024-11-13', 500),
(2249, 5, '2024-11-14', 500),
(2250, 5, '2024-11-16', 500),
(2251, 5, '2024-11-17', 500),
(2252, 5, '2024-11-18', 500),
(2253, 5, '2024-11-19', 500),
(2254, 5, '2024-11-20', 500),
(2255, 5, '2024-11-21', 500),
(2256, 5, '2024-11-23', 500),
(2257, 5, '2024-11-24', 500),
(2258, 5, '2024-11-25', 500),
(2259, 5, '2024-11-26', 500),
(2260, 5, '2024-11-28', 500),
(2261, 5, '2024-11-30', 500),
(2262, 5, '2024-12-01', 500),
(2263, 5, '2024-12-02', 500),
(2264, 5, '2024-12-03', 500),
(2265, 5, '2024-12-04', 500),
(2266, 5, '2024-12-05', 500),
(2267, 5, '2024-12-07', 500),
(2268, 5, '2024-12-08', 500),
(2269, 5, '2024-12-09', 500),
(2270, 5, '2024-12-10', 500),
(2271, 5, '2024-12-11', 500),
(2272, 5, '2024-12-12', 500),
(2273, 5, '2024-12-14', 500),
(2274, 5, '2024-12-15', 500),
(2275, 5, '2024-12-16', 500),
(2276, 5, '2024-12-17', 500),
(2277, 5, '2024-12-18', 500),
(2278, 5, '2024-12-19', 500),
(2279, 6, '2024-07-27', 500),
(2280, 6, '2024-07-28', 500),
(2281, 6, '2024-07-29', 500),
(2282, 6, '2024-07-30', 500),
(2283, 6, '2024-07-31', 500),
(2284, 6, '2024-08-01', 500),
(2285, 6, '2024-08-03', 500),
(2286, 6, '2024-08-04', 500),
(2287, 6, '2024-08-05', 500),
(2288, 6, '2024-08-06', 500),
(2289, 6, '2024-08-07', 500),
(2290, 6, '2024-08-08', 500),
(2291, 6, '2024-08-10', 500),
(2292, 6, '2024-08-11', 500),
(2293, 6, '2024-08-12', 500),
(2294, 6, '2024-08-13', 500),
(2295, 6, '2024-08-14', 500),
(2296, 6, '2024-08-15', 500),
(2297, 6, '2024-08-18', 500),
(2298, 6, '2024-08-19', 500),
(2299, 6, '2024-08-20', 500),
(2300, 6, '2024-08-21', 500),
(2301, 6, '2024-08-22', 500),
(2302, 6, '2024-08-24', 500),
(2303, 6, '2024-08-25', 500),
(2304, 6, '2024-08-26', 500),
(2305, 6, '2024-08-27', 500),
(2306, 6, '2024-08-28', 500),
(2307, 6, '2024-08-29', 500),
(2308, 6, '2024-08-31', 500),
(2309, 6, '2024-09-01', 500),
(2310, 6, '2024-09-02', 500),
(2311, 6, '2024-09-03', 500),
(2312, 6, '2024-09-04', 500),
(2313, 6, '2024-09-05', 500),
(2314, 6, '2024-09-07', 500),
(2315, 6, '2024-09-08', 500),
(2316, 6, '2024-09-09', 500),
(2317, 6, '2024-09-10', 500),
(2318, 6, '2024-09-11', 500),
(2319, 6, '2024-09-12', 500),
(2320, 6, '2024-09-14', 500),
(2321, 6, '2024-09-15', 500),
(2322, 6, '2024-09-16', 500),
(2323, 6, '2024-09-18', 500),
(2324, 6, '2024-09-19', 500),
(2325, 6, '2024-09-21', 500),
(2326, 6, '2024-09-22', 500),
(2327, 6, '2024-09-23', 500),
(2328, 6, '2024-09-24', 500),
(2329, 6, '2024-09-25', 500),
(2330, 6, '2024-09-26', 500),
(2331, 6, '2024-09-28', 500),
(2332, 6, '2024-09-29', 500),
(2333, 6, '2024-09-30', 500),
(2334, 6, '2024-10-01', 500),
(2335, 6, '2024-10-02', 500),
(2336, 6, '2024-10-03', 500),
(2337, 6, '2024-10-05', 500),
(2338, 6, '2024-10-06', 500),
(2339, 6, '2024-10-07', 500),
(2340, 6, '2024-10-08', 500),
(2341, 6, '2024-10-09', 500),
(2342, 6, '2024-10-10', 500),
(2343, 6, '2024-10-12', 500),
(2344, 6, '2024-10-13', 500),
(2345, 6, '2024-10-14', 500),
(2346, 6, '2024-10-15', 500),
(2347, 6, '2024-10-16', 500),
(2348, 6, '2024-10-17', 500),
(2349, 6, '2024-10-19', 500),
(2350, 6, '2024-10-20', 500),
(2351, 6, '2024-10-21', 500),
(2352, 6, '2024-10-22', 500),
(2353, 6, '2024-10-23', 500),
(2354, 6, '2024-10-24', 500),
(2355, 6, '2024-10-26', 500),
(2356, 6, '2024-10-27', 500),
(2357, 6, '2024-10-28', 500),
(2358, 6, '2024-10-29', 500),
(2359, 6, '2024-10-30', 500),
(2360, 6, '2024-10-31', 500),
(2361, 6, '2024-11-02', 500),
(2362, 6, '2024-11-03', 500),
(2363, 6, '2024-11-04', 500),
(2364, 6, '2024-11-05', 500),
(2365, 6, '2024-11-06', 500),
(2366, 6, '2024-11-07', 500),
(2367, 6, '2024-11-09', 500),
(2368, 6, '2024-11-10', 500),
(2369, 6, '2024-11-11', 500),
(2370, 6, '2024-11-12', 500),
(2371, 6, '2024-11-13', 500),
(2372, 6, '2024-11-14', 500),
(2373, 6, '2024-11-16', 500),
(2374, 6, '2024-11-17', 500),
(2375, 6, '2024-11-18', 500),
(2376, 6, '2024-11-19', 500),
(2377, 6, '2024-11-20', 500),
(2378, 6, '2024-11-21', 500),
(2379, 6, '2024-11-23', 500),
(2380, 6, '2024-11-24', 500),
(2381, 6, '2024-11-25', 500),
(2382, 6, '2024-11-26', 500),
(2383, 6, '2024-11-28', 500),
(2384, 6, '2024-11-30', 500),
(2385, 6, '2024-12-01', 500),
(2386, 6, '2024-12-02', 500),
(2387, 6, '2024-12-03', 500),
(2388, 6, '2024-12-04', 500),
(2389, 6, '2024-12-05', 500),
(2390, 6, '2024-12-07', 500),
(2391, 6, '2024-12-08', 500),
(2392, 6, '2024-12-09', 500),
(2393, 6, '2024-12-10', 500),
(2394, 6, '2024-12-11', 500),
(2395, 6, '2024-12-12', 500),
(2396, 6, '2024-12-14', 500),
(2397, 6, '2024-12-15', 500),
(2398, 6, '2024-12-16', 500),
(2399, 6, '2024-12-17', 500),
(2400, 6, '2024-12-18', 500),
(2401, 6, '2024-12-19', 500),
(2402, 6, '2025-01-08', 500),
(2403, 6, '2025-01-09', 500),
(2404, 6, '2025-01-11', 500),
(2405, 6, '2025-01-12', 500),
(2406, 6, '2025-01-13', 500),
(2407, 6, '2025-01-14', 500),
(2408, 6, '2025-01-15', 500),
(2409, 6, '2025-01-16', 500),
(2410, 6, '2025-01-18', 500),
(2411, 6, '2025-01-19', 500),
(2412, 6, '2025-01-20', 500),
(2413, 6, '2025-01-21', 500),
(2414, 6, '2025-01-22', 500),
(2415, 6, '2025-01-23', 500),
(2416, 6, '2025-01-25', 500),
(2417, 6, '2025-01-26', 500),
(2418, 6, '2025-01-30', 500),
(2419, 6, '2025-02-01', 500),
(2420, 6, '2025-02-02', 500),
(2421, 6, '2025-02-03', 500),
(2422, 6, '2025-02-04', 500),
(2423, 6, '2025-02-05', 500),
(2424, 6, '2025-02-06', 500),
(2425, 6, '2025-02-08', 500),
(2426, 6, '2025-02-09', 500),
(2427, 6, '2025-02-10', 500),
(2428, 6, '2025-02-11', 500),
(2429, 6, '2025-02-12', 500),
(2430, 6, '2025-02-13', 500),
(2431, 6, '2025-02-15', 500),
(2432, 6, '2025-02-16', 500),
(2433, 6, '2025-02-17', 500),
(2434, 6, '2025-02-18', 500),
(2435, 6, '2025-02-19', 500),
(2436, 6, '2025-02-20', 500),
(2437, 6, '2025-02-22', 500),
(2438, 6, '2025-02-23', 500),
(2439, 6, '2025-02-24', 500),
(2440, 6, '2025-02-25', 500),
(2441, 6, '2025-03-08', 500),
(2442, 6, '2025-03-09', 500),
(2443, 6, '2025-03-10', 500),
(2444, 6, '2025-03-11', 500),
(2445, 6, '2025-03-12', 500),
(2446, 6, '2025-03-13', 500),
(2447, 6, '2025-03-15', 500),
(2448, 6, '2025-03-16', 500),
(2449, 6, '2025-03-17', 500),
(2450, 6, '2025-03-18', 500),
(2451, 6, '2025-03-19', 500),
(2452, 6, '2025-03-20', 500),
(2453, 6, '2025-04-09', 500),
(2454, 6, '2025-04-10', 500),
(2455, 6, '2025-04-12', 500),
(2456, 6, '2025-04-13', 500),
(2457, 6, '2025-04-14', 500),
(2458, 6, '2025-04-15', 500),
(2459, 6, '2025-04-16', 500),
(2460, 6, '2025-04-17', 500),
(2461, 6, '2025-04-19', 500),
(2462, 6, '2025-04-20', 500),
(2463, 6, '2025-04-21', 500),
(2464, 6, '2025-04-22', 500),
(2465, 6, '2025-04-23', 500),
(2466, 6, '2025-04-24', 500),
(2467, 6, '2025-04-26', 500),
(2468, 6, '2025-04-27', 500),
(2469, 6, '2025-04-28', 500),
(2470, 6, '2025-04-29', 500),
(2471, 6, '2025-04-30', 500),
(2472, 6, '2025-05-01', 500),
(2473, 6, '2025-05-03', 500),
(2474, 6, '2025-05-04', 500),
(2475, 6, '2025-05-05', 500),
(2476, 6, '2025-05-06', 500),
(2477, 6, '2025-05-07', 500),
(2478, 6, '2025-05-08', 500),
(2479, 6, '2025-05-10', 500),
(2480, 6, '2025-05-11', 500);
INSERT INTO `pembayaran` (`id_pembayaran`, `id_siswa`, `tanggal`, `jumlah`) VALUES
(2481, 6, '2025-05-13', 500),
(2482, 6, '2025-05-14', 500),
(2483, 6, '2025-05-15', 500),
(2484, 6, '2025-05-17', 500),
(2485, 6, '2025-05-18', 500),
(2486, 6, '2025-05-19', 500),
(2487, 6, '2025-05-20', 500),
(2488, 6, '2025-05-21', 500),
(2489, 6, '2025-05-22', 500),
(2490, 6, '2025-05-24', 500),
(2491, 6, '2025-05-25', 500),
(2492, 6, '2025-05-26', 500),
(2493, 6, '2025-05-27', 500),
(2494, 6, '2025-05-28', 500),
(2495, 6, '2025-05-31', 500),
(2496, 6, '2025-06-01', 500),
(2497, 6, '2025-06-02', 500),
(2498, 6, '2025-06-03', 500),
(2499, 6, '2025-06-10', 500),
(2500, 6, '2025-06-11', 500),
(2501, 6, '2025-06-12', 500),
(2502, 6, '2025-06-14', 500),
(2503, 6, '2025-06-15', 500),
(2504, 6, '2025-06-16', 500),
(2505, 6, '2025-06-17', 500),
(2506, 6, '2025-06-18', 500),
(2507, 6, '2025-06-19', 500),
(2508, 6, '2025-06-21', 500),
(2509, 6, '2025-06-22', 500),
(2510, 6, '2025-06-23', 500),
(2511, 6, '2025-06-24', 500),
(2512, 6, '2025-06-25', 500),
(2513, 6, '2025-06-26', 500),
(2514, 6, '2025-06-28', 500),
(2515, 6, '2025-06-29', 500),
(2516, 6, '2025-06-30', 500),
(2517, 7, '2024-07-27', 500),
(2518, 7, '2024-07-28', 500),
(2519, 7, '2024-07-29', 500),
(2520, 7, '2024-07-30', 500),
(2521, 7, '2024-07-31', 500),
(2522, 7, '2024-08-01', 500),
(2523, 7, '2024-08-03', 500),
(2524, 7, '2024-08-04', 500),
(2525, 7, '2024-08-05', 500),
(2526, 7, '2024-08-06', 500),
(2527, 7, '2024-08-07', 500),
(2528, 7, '2024-08-08', 500),
(2529, 7, '2024-08-10', 500),
(2530, 7, '2024-08-11', 500),
(2531, 7, '2024-08-12', 500),
(2532, 7, '2024-08-13', 500),
(2533, 7, '2024-08-14', 500),
(2534, 7, '2024-08-15', 500),
(2535, 7, '2024-08-18', 500),
(2536, 7, '2024-08-19', 500),
(2537, 7, '2024-08-20', 500),
(2538, 7, '2024-08-21', 500),
(2539, 7, '2024-08-22', 500),
(2540, 7, '2024-08-24', 500),
(2541, 7, '2024-08-25', 500),
(2542, 7, '2024-08-26', 500),
(2543, 7, '2024-08-27', 500),
(2544, 7, '2024-08-28', 500),
(2545, 7, '2024-08-29', 500),
(2546, 7, '2024-08-31', 500),
(2547, 7, '2024-09-01', 500),
(2548, 7, '2024-09-02', 500),
(2549, 7, '2024-09-03', 500),
(2550, 7, '2024-09-04', 500),
(2551, 7, '2024-09-05', 500),
(2552, 7, '2024-09-07', 500),
(2553, 7, '2024-09-08', 500),
(2554, 7, '2024-09-09', 500),
(2555, 7, '2024-09-10', 500),
(2556, 7, '2024-09-11', 500),
(2557, 7, '2024-09-12', 500),
(2558, 7, '2024-09-14', 500),
(2559, 7, '2024-09-15', 500),
(2560, 7, '2024-09-16', 500),
(2561, 7, '2024-09-18', 500),
(2562, 7, '2024-09-19', 500),
(2563, 7, '2024-09-21', 500),
(2564, 7, '2024-09-22', 500),
(2565, 7, '2024-09-23', 500),
(2566, 7, '2024-09-24', 500),
(2567, 7, '2024-09-25', 500),
(2568, 7, '2024-09-26', 500),
(2569, 7, '2024-09-28', 500),
(2570, 7, '2024-09-29', 500),
(2571, 7, '2024-09-30', 500),
(2572, 7, '2024-10-01', 500),
(2573, 7, '2024-10-02', 500),
(2574, 7, '2024-10-03', 500),
(2575, 7, '2024-10-05', 500),
(2576, 7, '2024-10-06', 500),
(2577, 7, '2024-10-07', 500),
(2578, 7, '2024-10-08', 500),
(2579, 7, '2024-10-09', 500),
(2580, 7, '2024-10-10', 500),
(2581, 7, '2024-10-12', 500),
(2582, 7, '2024-10-13', 500),
(2583, 7, '2024-10-14', 500),
(2584, 7, '2024-10-15', 500),
(2585, 7, '2024-10-16', 500),
(2586, 7, '2024-10-17', 500),
(2587, 7, '2024-10-19', 500),
(2588, 7, '2024-10-20', 500),
(2589, 7, '2024-10-21', 500),
(2590, 7, '2024-10-22', 500),
(2591, 7, '2024-10-23', 500),
(2592, 7, '2024-10-24', 500),
(2593, 7, '2024-10-26', 500),
(2594, 7, '2024-10-27', 500),
(2595, 7, '2024-10-28', 500),
(2596, 7, '2024-10-29', 500),
(2597, 7, '2024-10-30', 500),
(2598, 7, '2024-10-31', 500),
(2599, 7, '2024-11-02', 500),
(2600, 7, '2024-11-03', 500),
(2601, 7, '2024-11-04', 500),
(2602, 7, '2024-11-05', 500),
(2603, 7, '2024-11-06', 500),
(2604, 7, '2024-11-07', 500),
(2605, 7, '2024-11-09', 500),
(2606, 7, '2024-11-10', 500),
(2607, 7, '2024-11-11', 500),
(2608, 7, '2024-11-12', 500),
(2609, 7, '2024-11-13', 500),
(2610, 7, '2024-11-14', 500),
(2611, 7, '2024-11-16', 500),
(2612, 7, '2024-11-17', 500),
(2613, 7, '2024-11-18', 500),
(2614, 7, '2024-11-19', 500),
(2615, 7, '2024-11-20', 500),
(2616, 7, '2024-11-21', 500),
(2617, 7, '2024-11-23', 500),
(2618, 7, '2024-11-24', 500),
(2619, 7, '2024-11-25', 500),
(2620, 7, '2024-11-26', 500),
(2621, 7, '2024-11-28', 500),
(2622, 7, '2024-11-30', 500),
(2623, 7, '2024-12-01', 500),
(2624, 7, '2024-12-02', 500),
(2625, 7, '2024-12-03', 500),
(2626, 7, '2024-12-04', 500),
(2627, 7, '2024-12-05', 500),
(2628, 7, '2024-12-07', 500),
(2629, 7, '2024-12-08', 500),
(2630, 7, '2024-12-09', 500),
(2631, 7, '2024-12-10', 500),
(2632, 7, '2024-12-11', 500),
(2633, 7, '2024-12-12', 500),
(2634, 7, '2024-12-14', 500),
(2635, 7, '2024-12-15', 500),
(2636, 7, '2024-12-16', 500),
(2637, 7, '2024-12-17', 500),
(2638, 7, '2024-12-18', 500),
(2639, 7, '2024-12-19', 500),
(2755, 9, '2024-07-27', 500),
(2756, 9, '2024-07-28', 500),
(2757, 9, '2024-07-29', 500),
(2758, 9, '2024-07-30', 500),
(2759, 9, '2024-07-31', 500),
(2760, 9, '2024-08-01', 500),
(2761, 9, '2024-08-03', 500),
(2762, 9, '2024-08-04', 500),
(2763, 9, '2024-08-05', 500),
(2764, 9, '2024-08-06', 500),
(2765, 9, '2024-08-07', 500),
(2766, 9, '2024-08-08', 500),
(2767, 9, '2024-08-10', 500),
(2768, 9, '2024-08-11', 500),
(2769, 9, '2024-08-12', 500),
(2770, 9, '2024-08-13', 500),
(2771, 9, '2024-08-14', 500),
(2772, 9, '2024-08-15', 500),
(2773, 9, '2024-08-18', 500),
(2774, 9, '2024-08-19', 500),
(2775, 9, '2024-08-20', 500),
(2776, 9, '2024-08-21', 500),
(2777, 9, '2024-08-22', 500),
(2778, 9, '2024-08-24', 500),
(2779, 9, '2024-08-25', 500),
(2780, 9, '2024-08-26', 500),
(2781, 9, '2024-08-27', 500),
(2782, 9, '2024-08-28', 500),
(2783, 9, '2024-08-29', 500),
(2784, 9, '2024-08-31', 500),
(2785, 9, '2024-09-01', 500),
(2786, 9, '2024-09-02', 500),
(2787, 9, '2024-09-03', 500),
(2788, 9, '2024-09-04', 500),
(2789, 9, '2024-09-05', 500),
(2790, 9, '2024-09-07', 500),
(2791, 9, '2024-09-08', 500),
(2792, 9, '2024-09-09', 500),
(2793, 9, '2024-09-10', 500),
(2794, 9, '2024-09-11', 500),
(2795, 9, '2024-09-12', 500),
(2796, 9, '2024-09-14', 500),
(2797, 9, '2024-09-15', 500),
(2798, 9, '2024-09-16', 500),
(2799, 9, '2024-09-18', 500),
(2800, 9, '2024-09-19', 500),
(2801, 9, '2024-09-21', 500),
(2802, 9, '2024-09-22', 500),
(2803, 9, '2024-09-23', 500),
(2804, 9, '2024-09-24', 500),
(2805, 9, '2024-09-25', 500),
(2806, 9, '2024-09-26', 500),
(2807, 9, '2024-09-28', 500),
(2808, 9, '2024-09-29', 500),
(2809, 9, '2024-09-30', 500),
(2810, 9, '2024-10-01', 500),
(2811, 9, '2024-10-02', 500),
(2812, 9, '2024-10-03', 500),
(2813, 9, '2024-10-05', 500),
(2814, 9, '2024-10-06', 500),
(2815, 9, '2024-10-07', 500),
(2816, 9, '2024-10-08', 500),
(2817, 9, '2024-10-09', 500),
(2818, 9, '2024-10-10', 500),
(2819, 9, '2024-10-12', 500),
(2820, 9, '2024-10-13', 500),
(2821, 9, '2024-10-14', 500),
(2822, 9, '2024-10-15', 500),
(2823, 9, '2024-10-16', 500),
(2824, 9, '2024-10-17', 500),
(2825, 9, '2024-10-19', 500),
(2826, 9, '2024-10-20', 500),
(2827, 9, '2024-10-21', 500),
(2828, 9, '2024-10-22', 500),
(2829, 9, '2024-10-23', 500),
(2830, 9, '2024-10-24', 500),
(2831, 9, '2024-10-26', 500),
(2832, 9, '2024-10-27', 500),
(2833, 9, '2024-10-28', 500),
(2834, 9, '2024-10-29', 500),
(2835, 11, '2024-08-01', 500),
(2836, 11, '2024-08-03', 500),
(2837, 11, '2024-08-04', 500),
(2838, 11, '2024-08-05', 500),
(2839, 11, '2024-08-06', 500),
(2840, 11, '2024-08-07', 500),
(2841, 11, '2024-08-08', 500),
(2842, 11, '2024-08-10', 500),
(2843, 11, '2024-08-11', 500),
(2844, 11, '2024-08-12', 500),
(2845, 11, '2024-08-13', 500),
(2846, 11, '2024-08-14', 500),
(2847, 11, '2024-08-15', 500),
(2848, 11, '2024-08-18', 500),
(2849, 11, '2024-08-19', 500),
(2850, 11, '2024-08-20', 500),
(2851, 11, '2024-08-21', 500),
(2852, 11, '2024-08-22', 500),
(2853, 11, '2024-08-24', 500),
(2854, 11, '2024-08-25', 500),
(2855, 11, '2024-08-26', 500),
(2856, 11, '2024-08-27', 500),
(2857, 11, '2024-08-28', 500),
(2858, 11, '2024-08-29', 500),
(2859, 11, '2024-08-31', 500),
(2860, 12, '2024-07-27', 500),
(2861, 12, '2024-07-28', 500),
(2862, 12, '2024-07-29', 500),
(2863, 12, '2024-07-30', 500),
(2864, 12, '2024-07-31', 500),
(2865, 12, '2024-08-01', 500),
(2866, 12, '2024-08-03', 500),
(2867, 12, '2024-08-04', 500),
(2868, 12, '2024-08-05', 500),
(2869, 12, '2024-08-06', 500),
(2870, 12, '2024-08-07', 500),
(2871, 12, '2024-08-08', 500),
(2872, 12, '2024-08-10', 500),
(2873, 12, '2024-08-11', 500),
(2874, 12, '2024-08-12', 500),
(2875, 12, '2024-08-13', 500),
(2876, 12, '2024-08-14', 500),
(2877, 12, '2024-08-15', 500),
(2878, 12, '2024-08-18', 500),
(2879, 12, '2024-08-19', 500),
(2880, 12, '2024-08-20', 500),
(2881, 12, '2024-08-21', 500),
(2882, 12, '2024-08-22', 500),
(2883, 12, '2024-08-24', 500),
(2884, 12, '2024-08-25', 500),
(2885, 12, '2024-08-26', 500),
(2886, 12, '2024-08-27', 500),
(2887, 12, '2024-08-28', 500),
(2888, 12, '2024-08-29', 500),
(2889, 12, '2024-08-31', 500),
(2890, 12, '2024-09-01', 500),
(2891, 12, '2024-09-02', 500),
(2892, 12, '2024-09-03', 500),
(2893, 12, '2024-09-04', 500),
(2894, 12, '2024-09-05', 500),
(2895, 12, '2024-09-07', 500),
(2896, 12, '2024-09-08', 500),
(2897, 12, '2024-09-09', 500),
(2898, 12, '2024-09-10', 500),
(2899, 12, '2024-09-11', 500),
(2900, 12, '2024-09-12', 500),
(2901, 12, '2024-09-14', 500),
(2902, 12, '2024-09-15', 500),
(2903, 12, '2024-09-16', 500),
(2904, 12, '2024-09-18', 500),
(2905, 12, '2024-09-19', 500),
(2906, 12, '2024-09-21', 500),
(2907, 12, '2024-09-22', 500),
(2908, 12, '2024-09-23', 500),
(2909, 12, '2024-09-24', 500),
(2910, 12, '2024-09-25', 500),
(2911, 12, '2024-09-26', 500),
(2912, 12, '2024-09-28', 500),
(2913, 12, '2024-09-29', 500),
(2914, 12, '2024-09-30', 500),
(2915, 12, '2024-10-01', 500),
(2916, 12, '2024-10-02', 500),
(2917, 12, '2024-10-03', 500),
(2918, 12, '2024-10-05', 500),
(2919, 12, '2024-10-06', 500),
(2920, 12, '2024-10-07', 500),
(2921, 12, '2024-10-08', 500),
(2922, 12, '2024-10-09', 500),
(2923, 12, '2024-10-10', 500),
(2924, 12, '2024-10-12', 500),
(2925, 12, '2024-10-13', 500),
(2926, 12, '2024-10-14', 500),
(2927, 12, '2024-10-15', 500),
(2928, 12, '2024-10-16', 500),
(2929, 12, '2024-10-17', 500),
(2930, 12, '2024-10-19', 500),
(2931, 12, '2024-10-20', 500),
(2932, 12, '2024-10-21', 500),
(2933, 12, '2024-10-22', 500),
(2934, 12, '2024-10-23', 500),
(2935, 12, '2024-10-24', 500),
(2936, 12, '2024-10-26', 500),
(2937, 12, '2024-10-27', 500),
(2938, 12, '2024-10-28', 500),
(2939, 12, '2024-10-29', 500),
(2940, 12, '2024-10-30', 500),
(2941, 12, '2024-10-31', 500),
(2942, 12, '2024-11-02', 500),
(2943, 12, '2024-11-03', 500),
(2944, 12, '2024-11-04', 500),
(2945, 12, '2024-11-05', 500),
(2946, 12, '2024-11-06', 500),
(2947, 12, '2024-11-07', 500),
(2948, 12, '2024-11-09', 500),
(2949, 12, '2024-11-10', 500),
(2950, 12, '2024-11-11', 500),
(2951, 12, '2024-11-12', 500),
(2952, 12, '2024-11-13', 500),
(2953, 12, '2024-11-14', 500),
(2954, 12, '2024-11-16', 500),
(2955, 12, '2024-11-17', 500),
(2956, 12, '2024-11-18', 500),
(2957, 12, '2024-11-19', 500),
(2958, 12, '2024-11-20', 500),
(2959, 12, '2024-11-21', 500),
(2960, 12, '2024-11-23', 500),
(2961, 12, '2024-11-24', 500),
(2962, 12, '2024-11-25', 500),
(2963, 12, '2024-11-26', 500),
(2964, 12, '2024-11-28', 500),
(2965, 12, '2024-11-30', 500),
(2966, 12, '2024-12-01', 500),
(2967, 12, '2024-12-02', 500),
(2968, 12, '2024-12-03', 500),
(2969, 12, '2024-12-04', 500),
(2970, 12, '2024-12-05', 500),
(2971, 12, '2024-12-07', 500),
(2972, 12, '2024-12-08', 500),
(2973, 12, '2024-12-09', 500),
(2974, 12, '2024-12-10', 500),
(2975, 12, '2024-12-11', 500),
(2976, 12, '2024-12-12', 500),
(2977, 12, '2024-12-14', 500),
(2978, 12, '2024-12-15', 500),
(2979, 12, '2024-12-16', 500),
(2980, 12, '2024-12-17', 500),
(2981, 12, '2024-12-18', 500),
(2982, 12, '2024-12-19', 500),
(2983, 12, '2025-01-08', 500),
(2984, 12, '2025-01-09', 500),
(2985, 12, '2025-01-11', 500),
(2986, 12, '2025-01-12', 500),
(2987, 12, '2025-01-13', 500),
(2988, 12, '2025-01-14', 500),
(2989, 12, '2025-01-15', 500),
(2990, 12, '2025-01-16', 500),
(2991, 12, '2025-01-18', 500),
(2992, 12, '2025-01-19', 500),
(2993, 12, '2025-01-20', 500),
(2994, 12, '2025-01-21', 500),
(2995, 12, '2025-01-22', 500),
(2996, 12, '2025-01-23', 500),
(2997, 12, '2025-01-25', 500),
(2998, 12, '2025-01-26', 500),
(2999, 12, '2025-01-30', 500),
(3000, 12, '2025-02-01', 500),
(3001, 12, '2025-02-02', 500),
(3002, 12, '2025-02-03', 500),
(3003, 12, '2025-02-04', 500),
(3004, 12, '2025-02-05', 500),
(3005, 12, '2025-02-06', 500),
(3006, 12, '2025-02-08', 500),
(3007, 12, '2025-02-09', 500),
(3008, 12, '2025-02-10', 500),
(3009, 12, '2025-02-11', 500),
(3010, 12, '2025-02-12', 500),
(3011, 12, '2025-02-13', 500),
(3012, 12, '2025-02-15', 500),
(3013, 12, '2025-02-16', 500),
(3014, 12, '2025-02-17', 500),
(3015, 12, '2025-02-18', 500),
(3016, 12, '2025-02-19', 500),
(3017, 12, '2025-02-20', 500),
(3018, 12, '2025-02-22', 500),
(3019, 12, '2025-02-23', 500),
(3020, 12, '2025-02-24', 500),
(3021, 12, '2025-02-25', 500),
(3022, 12, '2025-03-08', 500),
(3023, 12, '2025-03-09', 500),
(3024, 12, '2025-03-10', 500),
(3025, 12, '2025-03-11', 500),
(3026, 12, '2025-03-12', 500),
(3027, 12, '2025-03-13', 500),
(3028, 12, '2025-03-15', 500),
(3029, 12, '2025-03-16', 500),
(3030, 12, '2025-03-17', 500),
(3031, 12, '2025-03-18', 500),
(3032, 12, '2025-03-19', 500),
(3033, 12, '2025-03-20', 500),
(3034, 12, '2025-04-09', 500),
(3035, 12, '2025-04-10', 500),
(3036, 12, '2025-04-12', 500),
(3037, 12, '2025-04-13', 500),
(3038, 12, '2025-04-14', 500),
(3039, 12, '2025-04-15', 500),
(3040, 12, '2025-04-16', 500),
(3041, 12, '2025-04-17', 500),
(3042, 12, '2025-04-19', 500),
(3043, 12, '2025-04-20', 500),
(3044, 12, '2025-04-21', 500),
(3045, 12, '2025-04-22', 500),
(3046, 17, '2024-07-27', 500),
(3047, 17, '2024-07-28', 500),
(3048, 17, '2024-07-29', 500),
(3049, 17, '2024-07-30', 500),
(3050, 17, '2024-07-31', 500),
(3051, 17, '2024-08-01', 500),
(3052, 17, '2024-08-03', 500),
(3053, 17, '2024-08-04', 500),
(3054, 17, '2024-08-05', 500),
(3055, 17, '2024-08-06', 500),
(3056, 17, '2024-08-07', 500),
(3057, 17, '2024-08-08', 500),
(3058, 17, '2024-08-10', 500),
(3059, 17, '2024-08-11', 500),
(3060, 17, '2024-08-12', 500),
(3061, 17, '2024-08-13', 500),
(3062, 17, '2024-08-14', 500),
(3063, 17, '2024-08-15', 500),
(3064, 17, '2024-08-18', 500),
(3065, 17, '2024-08-19', 500),
(3066, 17, '2024-08-20', 500),
(3067, 17, '2024-08-21', 500),
(3068, 17, '2024-08-22', 500),
(3069, 17, '2024-08-24', 500),
(3070, 17, '2024-08-25', 500),
(3071, 17, '2024-08-26', 500),
(3072, 17, '2024-08-27', 500),
(3073, 17, '2024-08-28', 500),
(3074, 17, '2024-08-29', 500),
(3075, 17, '2024-08-31', 500),
(3076, 17, '2024-09-01', 500),
(3077, 17, '2024-09-02', 500),
(3078, 17, '2024-09-03', 500),
(3079, 17, '2024-09-04', 500),
(3080, 17, '2024-09-05', 500),
(3081, 17, '2024-09-07', 500),
(3082, 17, '2024-09-08', 500),
(3083, 17, '2024-09-09', 500),
(3084, 17, '2024-09-10', 500),
(3085, 17, '2024-09-11', 500),
(3086, 17, '2024-09-12', 500),
(3087, 17, '2024-09-14', 500),
(3088, 17, '2024-09-15', 500),
(3089, 17, '2024-09-16', 500),
(3090, 17, '2024-09-18', 500),
(3091, 17, '2024-09-19', 500),
(3092, 17, '2024-09-21', 500),
(3093, 17, '2024-09-22', 500),
(3094, 17, '2024-09-23', 500),
(3095, 17, '2024-09-24', 500),
(3096, 17, '2024-09-25', 500),
(3097, 17, '2024-09-26', 500),
(3098, 17, '2024-09-28', 500),
(3099, 17, '2024-09-29', 500),
(3100, 17, '2024-09-30', 500),
(3101, 17, '2024-10-01', 500),
(3102, 17, '2024-10-02', 500),
(3103, 17, '2024-10-03', 500),
(3104, 17, '2024-10-05', 500),
(3105, 17, '2024-10-06', 500),
(3106, 17, '2024-10-07', 500),
(3107, 17, '2024-10-08', 500),
(3108, 17, '2024-10-09', 500),
(3109, 17, '2024-10-10', 500),
(3110, 17, '2024-10-12', 500),
(3111, 17, '2024-10-13', 500),
(3112, 17, '2024-10-14', 500),
(3113, 17, '2024-10-15', 500),
(3114, 17, '2024-10-16', 500),
(3115, 17, '2024-10-17', 500),
(3116, 17, '2024-10-19', 500),
(3117, 17, '2024-10-20', 500),
(3118, 17, '2024-10-21', 500),
(3119, 17, '2024-10-22', 500),
(3120, 17, '2024-10-23', 500),
(3121, 17, '2024-10-24', 500),
(3122, 17, '2024-10-26', 500),
(3123, 17, '2024-10-27', 500),
(3124, 17, '2024-10-28', 500),
(3125, 17, '2024-10-29', 500),
(3126, 17, '2024-10-30', 500),
(3127, 17, '2024-10-31', 500),
(3128, 17, '2024-11-02', 500),
(3129, 17, '2024-11-03', 500),
(3130, 17, '2024-11-04', 500),
(3131, 17, '2024-11-05', 500),
(3132, 17, '2024-11-06', 500),
(3133, 17, '2024-11-07', 500),
(3134, 17, '2024-11-09', 500),
(3135, 17, '2024-11-10', 500),
(3136, 17, '2024-11-11', 500),
(3137, 17, '2024-11-12', 500),
(3138, 17, '2024-11-13', 500),
(3139, 17, '2024-11-14', 500),
(3140, 17, '2024-11-16', 500),
(3141, 17, '2024-11-17', 500),
(3142, 17, '2024-11-18', 500),
(3143, 17, '2024-11-19', 500),
(3144, 17, '2024-11-20', 500),
(3145, 17, '2024-11-21', 500),
(3146, 17, '2024-11-23', 500),
(3147, 17, '2024-11-24', 500),
(3148, 17, '2024-11-25', 500),
(3149, 17, '2024-11-26', 500),
(3150, 17, '2024-11-28', 500),
(3151, 17, '2024-11-30', 500),
(3152, 17, '2024-12-01', 500),
(3153, 17, '2024-12-02', 500),
(3154, 17, '2024-12-03', 500),
(3155, 17, '2024-12-04', 500),
(3156, 17, '2024-12-05', 500),
(3157, 17, '2024-12-07', 500),
(3158, 17, '2024-12-08', 500),
(3159, 17, '2024-12-09', 500),
(3160, 17, '2024-12-10', 500),
(3161, 17, '2024-12-11', 500),
(3162, 17, '2024-12-12', 500),
(3163, 17, '2024-12-14', 500),
(3164, 17, '2024-12-15', 500),
(3165, 17, '2024-12-16', 500),
(3166, 17, '2024-12-17', 500),
(3167, 17, '2024-12-18', 500),
(3168, 17, '2024-12-19', 500),
(3169, 17, '2025-01-08', 500),
(3170, 17, '2025-01-09', 500),
(3171, 17, '2025-01-11', 500),
(3172, 17, '2025-01-12', 500),
(3173, 17, '2025-01-13', 500),
(3174, 17, '2025-01-14', 500),
(3175, 17, '2025-01-15', 500),
(3176, 17, '2025-01-16', 500),
(3177, 17, '2025-01-18', 500),
(3178, 17, '2025-01-19', 500),
(3179, 17, '2025-01-20', 500),
(3180, 17, '2025-01-21', 500),
(3181, 17, '2025-01-22', 500),
(3182, 17, '2025-01-23', 500),
(3183, 17, '2025-01-25', 500),
(3184, 17, '2025-01-26', 500),
(3185, 17, '2025-01-30', 500),
(3186, 17, '2025-02-01', 500),
(3187, 17, '2025-02-02', 500),
(3188, 17, '2025-02-03', 500),
(3189, 17, '2025-02-04', 500),
(3190, 17, '2025-02-05', 500),
(3191, 17, '2025-02-06', 500),
(3192, 17, '2025-02-08', 500),
(3193, 17, '2025-02-09', 500),
(3194, 17, '2025-02-10', 500),
(3195, 17, '2025-02-11', 500),
(3196, 17, '2025-02-12', 500),
(3197, 17, '2025-02-13', 500),
(3198, 17, '2025-02-15', 500),
(3199, 17, '2025-02-16', 500),
(3200, 17, '2025-02-17', 500),
(3201, 17, '2025-02-18', 500),
(3202, 17, '2025-02-19', 500),
(3203, 17, '2025-02-20', 500),
(3204, 17, '2025-02-22', 500),
(3205, 17, '2025-02-23', 500),
(3206, 17, '2025-02-24', 500),
(3207, 17, '2025-02-25', 500),
(3254, 17, '2025-03-08', 500),
(3255, 17, '2025-03-09', 500),
(3256, 17, '2025-03-10', 500),
(3257, 17, '2025-03-11', 500),
(3258, 17, '2025-03-12', 500),
(3259, 17, '2025-03-13', 500),
(3260, 17, '2025-03-15', 500),
(3261, 19, '2024-07-27', 500),
(3262, 19, '2024-07-28', 500),
(3263, 19, '2024-07-29', 500),
(3264, 19, '2024-07-30', 500),
(3265, 19, '2024-07-31', 500),
(3266, 19, '2024-08-01', 500),
(3267, 19, '2024-08-03', 500),
(3268, 19, '2024-08-04', 500),
(3269, 19, '2024-08-05', 500),
(3270, 19, '2024-08-06', 500),
(3271, 19, '2024-08-07', 500),
(3272, 19, '2024-08-08', 500),
(3273, 19, '2024-08-10', 500),
(3274, 19, '2024-08-11', 500),
(3275, 19, '2024-08-12', 500),
(3276, 19, '2024-08-13', 500),
(3277, 19, '2024-08-14', 500),
(3278, 19, '2024-08-15', 500),
(3279, 19, '2024-08-18', 500),
(3280, 19, '2024-08-19', 500),
(3281, 19, '2024-08-20', 500),
(3282, 19, '2024-08-21', 500),
(3283, 19, '2024-08-22', 500),
(3284, 19, '2024-08-24', 500),
(3285, 19, '2024-08-25', 500),
(3286, 19, '2024-08-26', 500),
(3287, 19, '2024-08-27', 500),
(3288, 19, '2024-08-28', 500),
(3289, 19, '2024-08-29', 500),
(3290, 19, '2024-08-31', 500),
(3291, 19, '2024-09-01', 500),
(3292, 19, '2024-09-02', 500),
(3293, 19, '2024-09-03', 500),
(3294, 19, '2024-09-04', 500),
(3295, 19, '2024-09-05', 500),
(3296, 19, '2024-09-07', 500),
(3297, 19, '2024-09-08', 500),
(3298, 19, '2024-09-09', 500),
(3299, 19, '2024-09-10', 500),
(3300, 19, '2024-09-11', 500),
(3301, 19, '2024-09-12', 500),
(3302, 19, '2024-09-14', 500),
(3303, 19, '2024-09-15', 500),
(3304, 19, '2024-09-16', 500),
(3305, 19, '2024-09-18', 500),
(3306, 19, '2024-09-19', 500),
(3307, 19, '2024-09-21', 500),
(3308, 19, '2024-09-22', 500),
(3309, 19, '2024-09-23', 500),
(3310, 19, '2024-09-24', 500),
(3311, 19, '2024-09-25', 500),
(3312, 19, '2024-09-26', 500),
(3313, 19, '2024-09-28', 500),
(3314, 19, '2024-09-29', 500),
(3315, 19, '2024-09-30', 500),
(3316, 19, '2024-10-01', 500),
(3317, 19, '2024-10-02', 500),
(3318, 19, '2024-10-03', 500),
(3319, 19, '2024-10-05', 500),
(3320, 19, '2024-10-06', 500),
(3321, 19, '2024-10-07', 500),
(3322, 19, '2024-10-08', 500),
(3323, 19, '2024-10-09', 500),
(3324, 19, '2024-10-10', 500),
(3325, 19, '2024-10-12', 500),
(3326, 19, '2024-10-13', 500),
(3327, 19, '2024-10-14', 500),
(3328, 19, '2024-10-15', 500),
(3329, 19, '2024-10-16', 500),
(3330, 19, '2024-10-17', 500),
(3331, 19, '2024-10-19', 500),
(3332, 19, '2024-10-20', 500),
(3333, 19, '2024-10-21', 500),
(3334, 19, '2024-10-22', 500),
(3335, 19, '2024-10-23', 500),
(3336, 19, '2024-10-24', 500),
(3337, 19, '2024-10-26', 500),
(3338, 19, '2024-10-27', 500),
(3339, 19, '2024-10-28', 500),
(3340, 19, '2024-10-29', 500),
(3341, 19, '2024-10-30', 500),
(3342, 19, '2024-10-31', 500),
(3343, 19, '2024-11-02', 500),
(3344, 19, '2024-11-03', 500),
(3345, 19, '2024-11-04', 500),
(3346, 19, '2024-11-05', 500),
(3347, 19, '2024-11-06', 500),
(3348, 19, '2024-11-07', 500),
(3349, 19, '2024-11-09', 500),
(3350, 19, '2024-11-10', 500),
(3351, 19, '2024-11-11', 500),
(3352, 19, '2024-11-12', 500),
(3353, 19, '2024-11-13', 500),
(3354, 19, '2024-11-14', 500),
(3355, 19, '2024-11-16', 500),
(3356, 19, '2024-11-17', 500),
(3357, 19, '2024-11-18', 500),
(3358, 19, '2024-11-19', 500),
(3359, 19, '2024-11-20', 500),
(3360, 19, '2024-11-21', 500),
(3361, 19, '2024-11-23', 500),
(3362, 19, '2024-11-24', 500),
(3363, 19, '2024-11-25', 500),
(3364, 19, '2024-11-26', 500),
(3365, 19, '2024-11-28', 500),
(3366, 19, '2024-11-30', 500),
(3367, 19, '2024-12-01', 500),
(3368, 19, '2024-12-02', 500),
(3369, 19, '2024-12-03', 500),
(3370, 19, '2024-12-04', 500),
(3371, 19, '2024-12-05', 500),
(3372, 19, '2024-12-07', 500),
(3373, 19, '2024-12-08', 500),
(3374, 19, '2024-12-09', 500),
(3375, 19, '2024-12-10', 500),
(3376, 19, '2024-12-11', 500),
(3377, 19, '2024-12-12', 500),
(3378, 19, '2024-12-14', 500),
(3379, 19, '2024-12-15', 500),
(3380, 19, '2024-12-16', 500),
(3381, 19, '2024-12-17', 500),
(3382, 19, '2024-12-18', 500),
(3383, 19, '2024-12-19', 500),
(3384, 19, '2025-01-08', 500),
(3385, 19, '2025-01-09', 500),
(3386, 19, '2025-01-11', 500),
(3387, 19, '2025-01-12', 500),
(3388, 19, '2025-01-13', 500),
(3389, 19, '2025-01-14', 500),
(3390, 19, '2025-01-15', 500),
(3391, 19, '2025-01-16', 500),
(3392, 19, '2025-01-18', 500),
(3393, 19, '2025-01-19', 500),
(3394, 19, '2025-01-20', 500),
(3395, 19, '2025-01-21', 500),
(3396, 19, '2025-01-22', 500),
(3397, 19, '2025-01-23', 500),
(3398, 19, '2025-01-25', 500),
(3399, 19, '2025-01-26', 500),
(3400, 19, '2025-01-30', 500),
(3401, 19, '2025-02-01', 500),
(3402, 19, '2025-02-02', 500),
(3403, 19, '2025-02-03', 500),
(3404, 19, '2025-02-04', 500),
(3405, 19, '2025-02-05', 500),
(3406, 19, '2025-02-06', 500),
(3407, 19, '2025-02-08', 500),
(3408, 19, '2025-02-09', 500),
(3409, 19, '2025-02-10', 500),
(3410, 19, '2025-02-11', 500),
(3411, 19, '2025-02-12', 500),
(3412, 19, '2025-02-13', 500),
(3413, 19, '2025-02-15', 500),
(3414, 19, '2025-02-16', 500),
(3415, 19, '2025-02-17', 500),
(3416, 19, '2025-02-18', 500),
(3417, 19, '2025-02-19', 500),
(3418, 19, '2025-02-20', 500),
(3419, 19, '2025-02-22', 500),
(3420, 19, '2025-02-23', 500),
(3421, 19, '2025-02-24', 500),
(3422, 19, '2025-02-25', 500),
(3423, 19, '2025-03-08', 500),
(3424, 19, '2025-03-09', 500),
(3425, 19, '2025-03-10', 500),
(3426, 19, '2025-03-11', 500),
(3427, 19, '2025-03-12', 500),
(3428, 19, '2025-03-13', 500),
(3429, 19, '2025-03-15', 500),
(3430, 19, '2025-03-16', 500),
(3431, 19, '2025-03-17', 500),
(3432, 19, '2025-03-18', 500),
(3433, 19, '2025-03-19', 500),
(3434, 19, '2025-03-20', 500),
(3435, 19, '2025-04-09', 500),
(3436, 19, '2025-04-10', 500),
(3437, 19, '2025-04-12', 500),
(3438, 19, '2025-04-13', 500),
(3439, 19, '2025-04-14', 500),
(3440, 19, '2025-04-15', 500),
(3441, 19, '2025-04-16', 500),
(3442, 19, '2025-04-17', 500),
(3443, 19, '2025-04-19', 500),
(3444, 19, '2025-04-20', 500),
(3445, 19, '2025-04-21', 500),
(3446, 19, '2025-04-22', 500),
(3447, 19, '2025-04-23', 500),
(3448, 19, '2025-04-24', 500),
(3449, 19, '2025-04-26', 500),
(3450, 19, '2025-04-27', 500),
(3451, 19, '2025-04-28', 500),
(3452, 19, '2025-04-29', 500),
(3453, 19, '2025-04-30', 500),
(3454, 19, '2025-05-01', 500),
(3455, 19, '2025-05-03', 500),
(3456, 19, '2025-05-04', 500),
(3457, 19, '2025-05-05', 500),
(3458, 19, '2025-05-06', 500),
(3459, 19, '2025-05-07', 500),
(3460, 19, '2025-05-08', 500),
(3461, 19, '2025-05-10', 500),
(3462, 19, '2025-05-11', 500),
(3463, 19, '2025-05-13', 500),
(3464, 19, '2025-05-14', 500),
(3465, 19, '2025-05-15', 500),
(3466, 19, '2025-05-17', 500),
(3467, 19, '2025-05-18', 500),
(3468, 19, '2025-05-19', 500),
(3469, 19, '2025-05-20', 500),
(3470, 19, '2025-05-21', 500),
(3471, 19, '2025-05-22', 500),
(3472, 19, '2025-05-24', 500),
(3473, 19, '2025-05-25', 500),
(3474, 19, '2025-05-26', 500),
(3475, 19, '2025-05-27', 500),
(3476, 19, '2025-05-28', 500),
(3477, 19, '2025-05-31', 500),
(3487, 19, '2025-06-01', 500),
(3488, 19, '2025-06-02', 500),
(3489, 19, '2025-06-03', 500),
(3490, 20, '2024-07-27', 500),
(3491, 20, '2024-07-28', 500),
(3492, 20, '2024-07-29', 500),
(3493, 20, '2024-07-30', 500),
(3494, 20, '2024-07-31', 500),
(3495, 20, '2024-08-01', 500),
(3496, 20, '2024-08-03', 500),
(3497, 20, '2024-08-04', 500),
(3498, 20, '2024-08-05', 500),
(3499, 20, '2024-08-06', 500),
(3500, 20, '2024-08-07', 500),
(3501, 20, '2024-08-08', 500),
(3502, 20, '2024-08-10', 500),
(3503, 20, '2024-08-11', 500),
(3504, 20, '2024-08-12', 500),
(3505, 20, '2024-08-13', 500),
(3506, 20, '2024-08-14', 500),
(3507, 20, '2024-08-15', 500),
(3508, 20, '2024-08-18', 500),
(3509, 20, '2024-08-19', 500),
(3510, 20, '2024-08-20', 500),
(3511, 20, '2024-08-21', 500),
(3512, 20, '2024-08-22', 500),
(3513, 20, '2024-08-24', 500),
(3514, 20, '2024-08-25', 500),
(3515, 20, '2024-08-26', 500),
(3516, 20, '2024-08-27', 500),
(3517, 20, '2024-08-28', 500),
(3518, 20, '2024-08-29', 500),
(3519, 20, '2024-08-31', 500),
(3520, 20, '2024-09-01', 500),
(3521, 20, '2024-09-02', 500),
(3522, 20, '2024-09-03', 500),
(3523, 20, '2024-09-04', 500),
(3524, 20, '2024-09-05', 500),
(3525, 20, '2024-09-07', 500),
(3526, 20, '2024-09-08', 500),
(3527, 20, '2024-09-09', 500),
(3528, 20, '2024-09-10', 500),
(3529, 20, '2024-09-11', 500),
(3530, 20, '2024-09-12', 500),
(3531, 20, '2024-09-14', 500),
(3532, 20, '2024-09-15', 500),
(3533, 20, '2024-09-16', 500),
(3534, 20, '2024-09-18', 500),
(3535, 20, '2024-09-19', 500),
(3536, 20, '2024-09-21', 500),
(3537, 20, '2024-09-22', 500),
(3538, 20, '2024-09-23', 500),
(3539, 20, '2024-09-24', 500),
(3540, 20, '2024-09-25', 500),
(3541, 20, '2024-09-26', 500),
(3542, 20, '2024-09-28', 500),
(3543, 20, '2024-09-29', 500),
(3544, 20, '2024-09-30', 500),
(3545, 20, '2024-10-01', 500),
(3546, 20, '2024-10-02', 500),
(3547, 20, '2024-10-03', 500),
(3548, 20, '2024-10-05', 500),
(3549, 20, '2024-10-06', 500),
(3550, 20, '2024-10-07', 500),
(3551, 20, '2024-10-08', 500),
(3552, 20, '2024-10-09', 500),
(3553, 20, '2024-10-10', 500),
(3554, 20, '2024-10-12', 500),
(3555, 20, '2024-10-13', 500),
(3556, 20, '2024-10-14', 500),
(3557, 20, '2024-10-15', 500),
(3558, 20, '2024-10-16', 500),
(3559, 20, '2024-10-17', 500),
(3560, 20, '2024-10-19', 500),
(3561, 20, '2024-10-20', 500),
(3562, 20, '2024-10-21', 500),
(3563, 20, '2024-10-22', 500),
(3564, 20, '2024-10-23', 500),
(3565, 20, '2024-10-24', 500),
(3566, 20, '2024-10-26', 500),
(3567, 20, '2024-10-27', 500),
(3568, 20, '2024-10-28', 500),
(3569, 20, '2024-10-29', 500),
(3570, 20, '2024-10-30', 500),
(3571, 20, '2024-10-31', 500),
(3572, 20, '2024-11-02', 500),
(3573, 20, '2024-11-03', 500),
(3574, 20, '2024-11-04', 500),
(3575, 20, '2024-11-05', 500),
(3576, 20, '2024-11-06', 500),
(3577, 20, '2024-11-07', 500),
(3578, 20, '2024-11-09', 500),
(3579, 20, '2024-11-10', 500),
(3580, 20, '2024-11-11', 500),
(3581, 20, '2024-11-12', 500),
(3582, 20, '2024-11-13', 500),
(3583, 20, '2024-11-14', 500),
(3584, 20, '2024-11-16', 500),
(3585, 20, '2024-11-17', 500),
(3586, 20, '2024-11-18', 500),
(3587, 20, '2024-11-19', 500),
(3588, 20, '2024-11-20', 500),
(3589, 20, '2024-11-21', 500),
(3590, 20, '2024-11-23', 500),
(3591, 20, '2024-11-24', 500),
(3592, 20, '2024-11-25', 500),
(3593, 20, '2024-11-26', 500),
(3594, 20, '2024-11-28', 500),
(3595, 20, '2024-11-30', 500),
(3596, 20, '2024-12-01', 500),
(3597, 20, '2024-12-02', 500),
(3598, 20, '2024-12-03', 500),
(3599, 20, '2024-12-04', 500),
(3600, 20, '2024-12-05', 500),
(3601, 20, '2024-12-07', 500),
(3602, 20, '2024-12-08', 500),
(3603, 20, '2024-12-09', 500),
(3604, 20, '2024-12-10', 500),
(3605, 20, '2024-12-11', 500),
(3606, 20, '2024-12-12', 500),
(3607, 20, '2024-12-14', 500),
(3608, 20, '2024-12-15', 500),
(3609, 20, '2024-12-16', 500),
(3610, 20, '2024-12-17', 500),
(3611, 20, '2024-12-18', 500),
(3612, 20, '2024-12-19', 500),
(3613, 20, '2025-01-08', 500),
(3614, 20, '2025-01-09', 500),
(3615, 20, '2025-01-11', 500),
(3616, 20, '2025-01-12', 500),
(3617, 20, '2025-01-13', 500),
(3618, 20, '2025-01-14', 500),
(3619, 20, '2025-01-15', 500),
(3620, 20, '2025-01-16', 500),
(3621, 20, '2025-01-18', 500),
(3622, 20, '2025-01-19', 500),
(3623, 20, '2025-01-20', 500),
(3624, 20, '2025-01-21', 500),
(3625, 20, '2025-01-22', 500),
(3626, 20, '2025-01-23', 500),
(3627, 20, '2025-01-25', 500),
(3628, 20, '2025-01-26', 500),
(3629, 20, '2025-01-30', 500),
(3630, 21, '2024-07-27', 500),
(3631, 21, '2024-07-28', 500),
(3632, 21, '2024-07-29', 500),
(3633, 21, '2024-07-30', 500),
(3634, 21, '2024-07-31', 500),
(3635, 21, '2024-08-01', 500),
(3636, 21, '2024-08-03', 500),
(3637, 21, '2024-08-04', 500),
(3638, 21, '2024-08-05', 500),
(3639, 21, '2024-08-06', 500),
(3640, 21, '2024-08-07', 500),
(3641, 21, '2024-08-08', 500),
(3642, 21, '2024-08-10', 500),
(3643, 21, '2024-08-11', 500),
(3644, 21, '2024-08-12', 500),
(3645, 21, '2024-08-13', 500),
(3646, 21, '2024-08-14', 500),
(3647, 21, '2024-08-15', 500),
(3648, 21, '2024-08-18', 500),
(3649, 21, '2024-08-19', 500),
(3650, 21, '2024-08-20', 500),
(3651, 21, '2024-08-21', 500),
(3652, 21, '2024-08-22', 500),
(3653, 21, '2024-08-24', 500),
(3654, 21, '2024-08-25', 500),
(3655, 21, '2024-08-26', 500),
(3656, 21, '2024-08-27', 500),
(3657, 21, '2024-08-28', 500),
(3658, 21, '2024-08-29', 500),
(3659, 21, '2024-08-31', 500),
(3660, 21, '2024-09-01', 500),
(3661, 21, '2024-09-02', 500),
(3662, 21, '2024-09-03', 500),
(3901, 22, '2024-07-27', 500),
(3902, 22, '2024-07-28', 500),
(3903, 22, '2024-07-29', 500),
(3904, 22, '2024-07-30', 500),
(3905, 22, '2024-07-31', 500),
(3906, 22, '2024-08-01', 500),
(3907, 22, '2024-08-03', 500),
(3908, 22, '2024-08-04', 500),
(3909, 22, '2024-08-05', 500),
(3910, 22, '2024-08-06', 500),
(3911, 22, '2024-08-07', 500),
(3912, 22, '2024-08-08', 500),
(3913, 22, '2024-08-10', 500),
(3914, 22, '2024-08-11', 500),
(3915, 22, '2024-08-12', 500),
(3916, 22, '2024-08-13', 500),
(3917, 22, '2024-08-14', 500),
(3918, 22, '2024-08-15', 500),
(3919, 22, '2024-08-18', 500),
(3920, 22, '2024-08-19', 500),
(3921, 22, '2024-08-20', 500),
(3922, 22, '2024-08-21', 500),
(3923, 22, '2024-08-22', 500),
(3924, 22, '2024-08-24', 500);

-- --------------------------------------------------------

--
-- Struktur dari tabel `siswa`
--

CREATE TABLE `siswa` (
  `id_siswa` int(11) NOT NULL,
  `nama_siswa` varchar(255) NOT NULL
) ENGINE=InnoDB DEFAULT CHARSET=utf8mb4 COLLATE=utf8mb4_general_ci;

--
-- Dumping data untuk tabel `siswa`
--

INSERT INTO `siswa` (`id_siswa`, `nama_siswa`) VALUES
(1, 'Adira Aulia'),
(2, 'Ahmad Masrikhan'),
(3, 'Aijaz Hafizh Raffassya'),
(4, 'Aisyah Hasna Shofiyah'),
(5, 'Aleta Queenby Elvinahayu'),
(6, 'Alex Bagaskara jati'),
(7, 'Alya Sahira'),
(8, 'Arsenio Revan Ata Ateza'),
(9, 'Astia Diska Ramadhani Irawan'),
(10, 'Azura Syafina Khaula'),
(11, 'Dzulfikar Izzul Islam'),
(12, 'Hardinatan Al-Fathan'),
(13, 'M.Evandani Saputra'),
(14, 'M.Gibran Alfarizqi'),
(15, 'M.Hafizh mahardika'),
(16, 'M.Rizqy Chandra'),
(17, 'M.Sabiq Faqih hikam'),
(18, 'M.Yanuar Anam'),
(19, 'Najma Sahira Putri'),
(20, 'Nazril Ardian Pradipta'),
(21, 'Rafanza Arvha Albyan'),
(22, 'Danish Ariska'),
(23, 'Ahza Danis');

-- --------------------------------------------------------

--
-- Struktur dari tabel `users`
--

CREATE TABLE `users` (
  `id_user` int(11) NOT NULL,
  `username` varchar(50) NOT NULL,
  `password_hash` varchar(255) NOT NULL,
  `role` varchar(50) DEFAULT 'admin'
) ENGINE=InnoDB DEFAULT CHARSET=utf8mb4 COLLATE=utf8mb4_general_ci;

--
-- Dumping data untuk tabel `users`
--

INSERT INTO `users` (`id_user`, `username`, `password_hash`, `role`) VALUES
(1, 'admin', '$2y$10$wE9K2n/Z0u/j9.M.V2.X4u.N.E4l.Q2t.A7d.R9g.F1h.K8s.C6i.L5j.B3o.P0u.V8z.W2x.T1a', 'admin'),
(3, 'admin_aldo@ganteng.com', '$2y$10$k8DlMVNkRZSJLlIFsZKkoeXDY1TzWW5Vi4ziHvp4wrR6jrX.8Fase', 'admin');

--
-- Indexes for dumped tables
--

--
-- Indeks untuk tabel `biaya_lain`
--
ALTER TABLE `biaya_lain`
  ADD PRIMARY KEY (`id_biaya`);

--
-- Indeks untuk tabel `libur`
--
ALTER TABLE `libur`
  ADD PRIMARY KEY (`id_libur`),
  ADD UNIQUE KEY `tanggal` (`tanggal`);

--
-- Indeks untuk tabel `pembayaran`
--
ALTER TABLE `pembayaran`
  ADD PRIMARY KEY (`id_pembayaran`),
  ADD KEY `id_siswa` (`id_siswa`);

--
-- Indeks untuk tabel `siswa`
--
ALTER TABLE `siswa`
  ADD PRIMARY KEY (`id_siswa`);

--
-- Indeks untuk tabel `users`
--
ALTER TABLE `users`
  ADD PRIMARY KEY (`id_user`),
  ADD UNIQUE KEY `username` (`username`);

--
-- AUTO_INCREMENT untuk tabel yang dibuang
--

--
-- AUTO_INCREMENT untuk tabel `biaya_lain`
--
ALTER TABLE `biaya_lain`
  MODIFY `id_biaya` int(11) NOT NULL AUTO_INCREMENT, AUTO_INCREMENT=4;

--
-- AUTO_INCREMENT untuk tabel `libur`
--
ALTER TABLE `libur`
  MODIFY `id_libur` int(11) NOT NULL AUTO_INCREMENT, AUTO_INCREMENT=113;

--
-- AUTO_INCREMENT untuk tabel `pembayaran`
--
ALTER TABLE `pembayaran`
  MODIFY `id_pembayaran` int(11) NOT NULL AUTO_INCREMENT, AUTO_INCREMENT=3925;

--
-- AUTO_INCREMENT untuk tabel `siswa`
--
ALTER TABLE `siswa`
  MODIFY `id_siswa` int(11) NOT NULL AUTO_INCREMENT, AUTO_INCREMENT=39;

--
-- AUTO_INCREMENT untuk tabel `users`
--
ALTER TABLE `users`
  MODIFY `id_user` int(11) NOT NULL AUTO_INCREMENT, AUTO_INCREMENT=4;

--
-- Ketidakleluasaan untuk tabel pelimpahan (Dumped Tables)
--

--
-- Ketidakleluasaan untuk tabel `pembayaran`
--
ALTER TABLE `pembayaran`
  ADD CONSTRAINT `pembayaran_ibfk_1` FOREIGN KEY (`id_siswa`) REFERENCES `siswa` (`id_siswa`) ON DELETE CASCADE;
COMMIT;

/*!40101 SET CHARACTER_SET_CLIENT=@OLD_CHARACTER_SET_CLIENT */;
/*!40101 SET CHARACTER_SET_RESULTS=@OLD_CHARACTER_SET_RESULTS */;
/*!40101 SET COLLATION_CONNECTION=@OLD_COLLATION_CONNECTION */;
